,Unnamed: 0,Game_Id,Date,Period,Event,Description,Time_Elapsed,Seconds_Elapsed,Strength,Ev_Zone,Type,Ev_Team,Home_Zone,Away_Team,Home_Team,p1_name,p1_ID,p2_name,p2_ID,p3_name,p3_ID,awayPlayer1,awayPlayer1_id,awayPlayer2,awayPlayer2_id,awayPlayer3,awayPlayer3_id,awayPlayer4,awayPlayer4_id,awayPlayer5,awayPlayer5_id,awayPlayer6,awayPlayer6_id,homePlayer1,homePlayer1_id,homePlayer2,homePlayer2_id,homePlayer3,homePlayer3_id,homePlayer4,homePlayer4_id,homePlayer5,homePlayer5_id,homePlayer6,homePlayer6_id,Away_Players,Home_Players,Away_Score,Home_Score,Away_Goalie,Away_Goalie_Id,Home_Goalie,Home_Goalie_Id,xC,yC,Home_Coach,Away_Coach,prev_Unnamed: 0,prev_Game_Id,prev_Date,prev_Period,prev_Event,prev_Description,prev_Time_Elapsed,prev_Seconds_Elapsed,prev_Strength,prev_Ev_Zone,prev_Type,prev_Ev_Team,prev_Home_Zone,prev_Away_Team,prev_Home_Team,prev_p1_name,prev_p1_ID,prev_p2_name,prev_p2_ID,prev_p3_name,prev_p3_ID,prev_awayPlayer1,prev_awayPlayer1_id,prev_awayPlayer2,prev_awayPlayer2_id,prev_awayPlayer3,prev_awayPlayer3_id,prev_awayPlayer4,prev_awayPlayer4_id,prev_awayPlayer5,prev_awayPlayer5_id,prev_awayPlayer6,prev_awayPlayer6_id,prev_homePlayer1,prev_homePlayer1_id,prev_homePlayer2,prev_homePlayer2_id,prev_homePlayer3,prev_homePlayer3_id,prev_homePlayer4,prev_homePlayer4_id,prev_homePlayer5,prev_homePlayer5_id,prev_homePlayer6,prev_homePlayer6_id,prev_Away_Players,prev_Home_Players,prev_Away_Score,prev_Home_Score,prev_Away_Goalie,prev_Away_Goalie_Id,prev_Home_Goalie,prev_Home_Goalie_Id,prev_xC,prev_yC,prev_Home_Coach,prev_Away_Coach,home_or_away,true_strength,on_empty_net,Goal_Probability,total_xG,Minutes_Elapsed
28,28,30123,2024-04-24,1,SHOT,"TOR ONGOAL - #64 KAMPF, Wrist , Off. Zone, 40 ft. ",3:33,213.0,5x5,Off,WRIST SHOT,TOR,Off,BOS,TOR,DAVID KAMPF,8480144.0,,,,,JOHN BEECHER,8481556.0,JESPER BOQVIST,8480003.0,PAT MAROON,8474034.0,KEVIN SHATTENKIRK,8474031.0,PARKER WOTHERSPOON,8478450.0,JEREMY SWAYMAN,8480280.0,DAVID KAMPF,8480144.0,RYAN REAVES,8471817.0,TYLER BERTUZZI,8477479.0,SIMON BENOIT,8481122.0,JAKE MCCABE,8476931.0,ILYA SAMSONOV,8478492.0,6,6,0,0,JEREMY SWAYMAN,8480280.0,ILYA SAMSONOV,8478492.0,-49.0,6.0,Sheldon Keefe,Jim Montgomery,27.0,30123.0,2024-04-24,1.0,HIT,"BOS #19 BEECHER HIT TOR #22 MCCABE, Off. Zone",3:28,208.0,5x5,Off,,BOS,Def,BOS,TOR,JOHN BEECHER,8481556.0,JAKE MCCABE,8476931.0,,,JOHN BEECHER,8481556.0,JESPER BOQVIST,8480003.0,PAT MAROON,8474034.0,KEVIN SHATTENKIRK,8474031.0,PARKER WOTHERSPOON,8478450.0,JEREMY SWAYMAN,8480280.0,DAVID KAMPF,8480144.0,RYAN REAVES,8471817.0,TYLER BERTUZZI,8477479.0,SIMON BENOIT,8481122.0,JAKE MCCABE,8476931.0,ILYA SAMSONOV,8478492.0,6.0,6.0,0.0,0.0,JEREMY SWAYMAN,8480280.0,ILYA SAMSONOV,8478492.0,98.0,0.0,Sheldon Keefe,Jim Montgomery,home,5x5,0,0.0,0.0,3.55
39,39,30123,2024-04-24,1,SHOT,"TOR ONGOAL - #44 RIELLY, Wrist , Off. Zone, 29 ft. ",4:19,259.0,5x5,Off,WRIST SHOT,TOR,Off,BOS,TOR,MORGAN RIELLY,8476853.0,,,,,TRENT FREDERIC,8479365.0,JAMES VAN RIEMSDYK,8474037.0,DANTON HEINEN,8478046.0,MASON LOHREI,8482511.0,BRANDON CARLO,8478443.0,JEREMY SWAYMAN,8480280.0,CALLE JARNKROK,8475714.0,AUSTON MATTHEWS,8479318.0,PONTUS HOLMBERG,8480995.0,TYLER BERTUZZI,8477479.0,MORGAN RIELLY,8476853.0,ILYA LYUBUSHKIN,8480950.0,6,6,0,0,JEREMY SWAYMAN,8480280.0,,,-70.0,23.0,Sheldon Keefe,Jim Montgomery,38.0,30123.0,2024-04-24,1.0,DELPEN,BOS,4:17,257.0,5x5,,,,,BOS,TOR,,,,,,,TRENT FREDERIC,8479365.0,JAMES VAN RIEMSDYK,8474037.0,DANTON HEINEN,8478046.0,MASON LOHREI,8482511.0,BRANDON CARLO,8478443.0,JEREMY SWAYMAN,8480280.0,CALLE JARNKROK,8475714.0,PONTUS HOLMBERG,8480995.0,TYLER BERTUZZI,8477479.0,MORGAN RIELLY,8476853.0,ILYA LYUBUSHKIN,8480950.0,ILYA SAMSONOV,8478492.0,6.0,6.0,0.0,0.0,JEREMY SWAYMAN,8480280.0,ILYA SAMSONOV,8478492.0,,,Sheldon Keefe,Jim Montgomery,home,5x5,0,0.089772604,0.089772604,4.316666666666666
106,106,30123,2024-04-24,1,SHOT,"TOR ONGOAL - #11 DOMI, Wrist , Off. Zone, 26 ft. ",13:41,821.0,5x5,Off,WRIST SHOT,TOR,Off,BOS,TOR,MAX DOMI,8477503.0,,,,,PAVEL ZACHA,8478401.0,DAVID PASTRNAK,8477956.0,JAKE DEBRUSK,8478498.0,BRANDON CARLO,8478443.0,HAMPUS LINDHOLM,8476854.0,JEREMY SWAYMAN,8480280.0,MAX DOMI,8477503.0,AUSTON MATTHEWS,8479318.0,TYLER BERTUZZI,8477479.0,MORGAN RIELLY,8476853.0,ILYA LYUBUSHKIN,8480950.0,ILYA SAMSONOV,8478492.0,6,6,0,0,JEREMY SWAYMAN,8480280.0,ILYA SAMSONOV,8478492.0,-70.0,-19.0,Sheldon Keefe,Jim Montgomery,105.0,30123.0,2024-04-24,1.0,TAKE,"TOR TAKEAWAY - #34 MATTHEWS, Def. Zone",13:36,816.0,5x5,Def,,TOR,Def,BOS,TOR,AUSTON MATTHEWS,8479318.0,,,,,PAVEL ZACHA,8478401.0,DAVID PASTRNAK,8477956.0,JAKE DEBRUSK,8478498.0,BRANDON CARLO,8478443.0,HAMPUS LINDHOLM,8476854.0,JEREMY SWAYMAN,8480280.0,MAX DOMI,8477503.0,AUSTON MATTHEWS,8479318.0,TYLER BERTUZZI,8477479.0,MORGAN RIELLY,8476853.0,ILYA LYUBUSHKIN,8480950.0,ILYA SAMSONOV,8478492.0,6.0,6.0,0.0,0.0,JEREMY SWAYMAN,8480280.0,ILYA SAMSONOV,8478492.0,50.0,-36.0,Sheldon Keefe,Jim Montgomery,home,5x5,0,0.055505674,0.14527828,13.683333333333334
124,124,30123,2024-04-24,1,MISS,"TOR #91 TAVARES, Snap, Hit Crossbar, Off. Zone, 37 ft. ",16:06,966.0,5x5,Off,SNAP SHOT,TOR,Off,BOS,TOR,JOHN TAVARES,8475166.0,,,,,PAVEL ZACHA,8478401.0,DAVID PASTRNAK,8477956.0,JAKE DEBRUSK,8478498.0,MASON LOHREI,8482511.0,CHARLIE MCAVOY,8479325.0,JEREMY SWAYMAN,8480280.0,JOHN TAVARES,8475166.0,MITCH MARNER,8478483.0,MATTHEW KNIES,8482720.0,MORGAN RIELLY,8476853.0,ILYA LYUBUSHKIN,8480950.0,ILYA SAMSONOV,8478492.0,6,6,0,0,JEREMY SWAYMAN,8480280.0,ILYA SAMSONOV,8478492.0,-57.0,-20.0,Sheldon Keefe,Jim Montgomery,123.0,30123.0,2024-04-24,1.0,HIT,"BOS #73 MCAVOY HIT TOR #23 KNIES, Def. Zone",16:05,965.0,5x5,Def,,BOS,Off,BOS,TOR,CHARLIE MCAVOY,8479325.0,MATTHEW KNIES,8482720.0,,,PAVEL ZACHA,8478401.0,DAVID PASTRNAK,8477956.0,JAKE DEBRUSK,8478498.0,MASON LOHREI,8482511.0,CHARLIE MCAVOY,8479325.0,JEREMY SWAYMAN,8480280.0,JOHN TAVARES,8475166.0,MITCH MARNER,8478483.0,MATTHEW KNIES,8482720.0,MORGAN RIELLY,8476853.0,ILYA LYUBUSHKIN,8480950.0,ILYA SAMSONOV,8478492.0,6.0,6.0,0.0,0.0,JEREMY SWAYMAN,8480280.0,ILYA SAMSONOV,8478492.0,-75.0,-37.0,Sheldon Keefe,Jim Montgomery,home,5x5,0,0.016394049,0.16167232,16.1
133,133,30123,2024-04-24,1,SHOT,"TOR ONGOAL - #34 MATTHEWS, Backhand , Neu. Zone, 87 ft. ",17:19,1039.0,5x5,Neu,BACKHAND,TOR,Neu,BOS,TOR,AUSTON MATTHEWS,8479318.0,,,,,TRENT FREDERIC,8479365.0,JAMES VAN RIEMSDYK,8474037.0,DANTON HEINEN,8478046.0,PARKER WOTHERSPOON,8478450.0,CHARLIE MCAVOY,8479325.0,JEREMY SWAYMAN,8480280.0,MAX DOMI,8477503.0,AUSTON MATTHEWS,8479318.0,TYLER BERTUZZI,8477479.0,JOEL EDMUNDSON,8476441.0,TIMOTHY LILJEGREN,8480043.0,ILYA SAMSONOV,8478492.0,6,6,0,0,JEREMY SWAYMAN,8480280.0,ILYA SAMSONOV,8478492.0,-8.0,32.0,Sheldon Keefe,Jim Montgomery,132.0,30123.0,2024-04-24,1.0,HIT,"TOR #34 MATTHEWS HIT BOS #11 FREDERIC, Neu. Zone",17:14,1034.0,5x5,Neu,,TOR,Neu,BOS,TOR,AUSTON MATTHEWS,8479318.0,TRENT FREDERIC,8479365.0,,,TRENT FREDERIC,8479365.0,JAMES VAN RIEMSDYK,8474037.0,DANTON HEINEN,8478046.0,PARKER WOTHERSPOON,8478450.0,CHARLIE MCAVOY,8479325.0,JEREMY SWAYMAN,8480280.0,MAX DOMI,8477503.0,AUSTON MATTHEWS,8479318.0,TYLER BERTUZZI,8477479.0,JOEL EDMUNDSON,8476441.0,TIMOTHY LILJEGREN,8480043.0,ILYA SAMSONOV,8478492.0,6.0,6.0,0.0,0.0,JEREMY SWAYMAN,8480280.0,ILYA SAMSONOV,8478492.0,16.0,-38.0,Sheldon Keefe,Jim Montgomery,home,5x5,0,0.01133543,0.17300776,17.316666666666666
136,136,30123,2024-04-24,1,SHOT,"TOR ONGOAL - #11 DOMI, Wrist , Off. Zone, 10 ft. ",17:27,1047.0,5x5,Off,WRIST SHOT,TOR,Off,BOS,TOR,MAX DOMI,8477503.0,,,,,JOHN BEECHER,8481556.0,JESPER BOQVIST,8480003.0,DANTON HEINEN,8478046.0,PARKER WOTHERSPOON,8478450.0,CHARLIE MCAVOY,8479325.0,JEREMY SWAYMAN,8480280.0,MAX DOMI,8477503.0,AUSTON MATTHEWS,8479318.0,TYLER BERTUZZI,8477479.0,MORGAN RIELLY,8476853.0,ILYA LYUBUSHKIN,8480950.0,ILYA SAMSONOV,8478492.0,6,6,0,0,JEREMY SWAYMAN,8480280.0,ILYA SAMSONOV,8478492.0,-81.0,8.0,Sheldon Keefe,Jim Montgomery,135.0,30123.0,2024-04-24,1.0,HIT,"TOR #59 BERTUZZI HIT BOS #29 WOTHERSPOON, Off. Zone",17:26,1046.0,5x5,Off,,TOR,Off,BOS,TOR,TYLER BERTUZZI,8477479.0,PARKER WOTHERSPOON,8478450.0,,,JOHN BEECHER,8481556.0,JESPER BOQVIST,8480003.0,DANTON HEINEN,8478046.0,PARKER WOTHERSPOON,8478450.0,CHARLIE MCAVOY,8479325.0,JEREMY SWAYMAN,8480280.0,MAX DOMI,8477503.0,AUSTON MATTHEWS,8479318.0,TYLER BERTUZZI,8477479.0,MORGAN RIELLY,8476853.0,ILYA LYUBUSHKIN,8480950.0,ILYA SAMSONOV,8478492.0,6.0,6.0,0.0,0.0,JEREMY SWAYMAN,8480280.0,ILYA SAMSONOV,8478492.0,-99.0,6.0,Sheldon Keefe,Jim Montgomery,home,5x5,0,0.053356163,0.22636393,17.45
165,165,30123,2024-04-24,2,SHOT,"TOR ONGOAL - #2 BENOIT, Slap , Off. Zone, 66 ft. ",0:22,1222.0,5x5,Off,SLAP SHOT,TOR,Off,BOS,TOR,SIMON BENOIT,8481122.0,,,,,CHARLIE COYLE,8475745.0,MORGAN GEEKIE,8479987.0,BRAD MARCHAND,8473419.0,BRANDON CARLO,8478443.0,HAMPUS LINDHOLM,8476854.0,JEREMY SWAYMAN,8480280.0,JOHN TAVARES,8475166.0,MITCH MARNER,8478483.0,MATTHEW KNIES,8482720.0,SIMON BENOIT,8481122.0,JAKE MCCABE,8476931.0,ILYA SAMSONOV,8478492.0,6,6,0,0,JEREMY SWAYMAN,8480280.0,ILYA SAMSONOV,8478492.0,29.0,29.0,Sheldon Keefe,Jim Montgomery,164.0,30123.0,2024-04-24,2.0,GIVE,"TOR GIVEAWAY - #91 TAVARES, Off. Zone",0:21,21.0,5x5,Off,,TOR,Off,BOS,TOR,JOHN TAVARES,8475166.0,,,,,CHARLIE COYLE,8475745.0,MORGAN GEEKIE,8479987.0,BRAD MARCHAND,8473419.0,BRANDON CARLO,8478443.0,HAMPUS LINDHOLM,8476854.0,JEREMY SWAYMAN,8480280.0,JOHN TAVARES,8475166.0,MITCH MARNER,8478483.0,MATTHEW KNIES,8482720.0,SIMON BENOIT,8481122.0,JAKE MCCABE,8476931.0,ILYA SAMSONOV,8478492.0,6.0,6.0,0.0,0.0,JEREMY SWAYMAN,8480280.0,ILYA SAMSONOV,8478492.0,47.0,35.0,Sheldon Keefe,Jim Montgomery,home,5x5,0,0.0,0.22636393,20.366666666666667
167,167,30123,2024-04-24,2,MISS,"TOR #34 MATTHEWS, Wrist, Hit Left Post, Off. Zone, 37 ft. ",1:01,1261.0,5x5,Off,WRIST SHOT,TOR,Off,BOS,TOR,AUSTON MATTHEWS,8479318.0,,,,,PAVEL ZACHA,8478401.0,DAVID PASTRNAK,8477956.0,JAKE DEBRUSK,8478498.0,MASON LOHREI,8482511.0,CHARLIE MCAVOY,8479325.0,JEREMY SWAYMAN,8480280.0,MAX DOMI,8477503.0,AUSTON MATTHEWS,8479318.0,TYLER BERTUZZI,8477479.0,SIMON BENOIT,8481122.0,JAKE MCCABE,8476931.0,ILYA SAMSONOV,8478492.0,6,6,0,0,JEREMY SWAYMAN,8480280.0,ILYA SAMSONOV,8478492.0,58.0,-20.0,Sheldon Keefe,Jim Montgomery,166.0,30123.0,2024-04-24,2.0,BLOCK,"BOS #27 LINDHOLM OPPONENT-BLOCKED BY TOR #34 MATTHEWS, Wrist, Def. Zone ",0:32,32.0,5x5,Def,WRIST SHOT,BOS,Def,BOS,TOR,AUSTON MATTHEWS,8479318.0,HAMPUS LINDHOLM,8476854.0,,,CHARLIE COYLE,8475745.0,MORGAN GEEKIE,8479987.0,BRAD MARCHAND,8473419.0,HAMPUS LINDHOLM,8476854.0,CHARLIE MCAVOY,8479325.0,JEREMY SWAYMAN,8480280.0,AUSTON MATTHEWS,8479318.0,JOHN TAVARES,8475166.0,MATTHEW KNIES,8482720.0,SIMON BENOIT,8481122.0,JAKE MCCABE,8476931.0,ILYA SAMSONOV,8478492.0,6.0,6.0,0.0,0.0,JEREMY SWAYMAN,8480280.0,ILYA SAMSONOV,8478492.0,-58.0,-14.0,Sheldon Keefe,Jim Montgomery,home,5x5,0,0.0,0.22636393,21.016666666666666
169,169,30123,2024-04-24,2,SHOT,"TOR ONGOAL - #44 RIELLY, Snap , Neu. Zone, 75 ft. ",1:35,1295.0,5x5,Neu,SNAP SHOT,TOR,Neu,BOS,TOR,MORGAN RIELLY,8476853.0,,,,,JOHN BEECHER,8481556.0,JESPER BOQVIST,8480003.0,PAT MAROON,8474034.0,KEVIN SHATTENKIRK,8474031.0,PARKER WOTHERSPOON,8478450.0,JEREMY SWAYMAN,8480280.0,MAX DOMI,8477503.0,PONTUS HOLMBERG,8480995.0,TYLER BERTUZZI,8477479.0,MORGAN RIELLY,8476853.0,ILYA LYUBUSHKIN,8480950.0,ILYA SAMSONOV,8478492.0,6,6,0,0,JEREMY SWAYMAN,8480280.0,ILYA SAMSONOV,8478492.0,15.0,12.0,Sheldon Keefe,Jim Montgomery,168.0,30123.0,2024-04-24,2.0,SHOT,"BOS ONGOAL - #18 ZACHA, Wrist , Off. Zone, 29 ft. ",1:19,79.0,5x5,Off,WRIST SHOT,BOS,Def,BOS,TOR,PAVEL ZACHA,8478401.0,,,,,PAVEL ZACHA,8478401.0,DAVID PASTRNAK,8477956.0,JAKE DEBRUSK,8478498.0,MASON LOHREI,8482511.0,PARKER WOTHERSPOON,8478450.0,JEREMY SWAYMAN,8480280.0,MAX DOMI,8477503.0,PONTUS HOLMBERG,8480995.0,TYLER BERTUZZI,8477479.0,MORGAN RIELLY,8476853.0,ILYA LYUBUSHKIN,8480950.0,ILYA SAMSONOV,8478492.0,6.0,6.0,0.0,0.0,JEREMY SWAYMAN,8480280.0,ILYA SAMSONOV,8478492.0,-73.0,-25.0,Sheldon Keefe,Jim Montgomery,home,5x5,0,0.9670469,1.1934109,21.583333333333332
197,197,30123,2024-04-24,2,SHOT,"TOR ONGOAL - #91 TAVARES, Wrist , Off. Zone, 40 ft. ",6:12,1572.0,5x5,Off,WRIST SHOT,TOR,Off,BOS,TOR,JOHN TAVARES,8475166.0,,,,,TRENT FREDERIC,8479365.0,JAMES VAN RIEMSDYK,8474037.0,DANTON HEINEN,8478046.0,MASON LOHREI,8482511.0,CHARLIE MCAVOY,8479325.0,JEREMY SWAYMAN,8480280.0,JOHN TAVARES,8475166.0,MITCH MARNER,8478483.0,NICHOLAS ROBERTSON,8481582.0,TIMOTHY LILJEGREN,8480043.0,MORGAN RIELLY,8476853.0,ILYA SAMSONOV,8478492.0,6,6,0,0,JEREMY SWAYMAN,8480280.0,ILYA SAMSONOV,8478492.0,62.0,30.0,Sheldon Keefe,Jim Montgomery,196.0,30123.0,2024-04-24,2.0,HIT,"BOS #11 FREDERIC HIT TOR #44 RIELLY, Off. Zone",6:07,367.0,5x5,Off,,BOS,Def,BOS,TOR,TRENT FREDERIC,8479365.0,MORGAN RIELLY,8476853.0,,,TRENT FREDERIC,8479365.0,JAMES VAN RIEMSDYK,8474037.0,DANTON HEINEN,8478046.0,MASON LOHREI,8482511.0,CHARLIE MCAVOY,8479325.0,JEREMY SWAYMAN,8480280.0,JOHN TAVARES,8475166.0,MITCH MARNER,8478483.0,NICHOLAS ROBERTSON,8481582.0,MORGAN RIELLY,8476853.0,ILYA LYUBUSHKIN,8480950.0,ILYA SAMSONOV,8478492.0,6.0,6.0,0.0,0.0,JEREMY SWAYMAN,8480280.0,ILYA SAMSONOV,8478492.0,-99.0,12.0,Sheldon Keefe,Jim Montgomery,home,5x5,0,0.0067817685,1.2001927,26.2
226,226,30123,2024-04-24,2,SHOT,"TOR ONGOAL - #24 DEWAR, Snap , Off. Zone, 19 ft. ",10:07,1807.0,5x5,Off,SNAP SHOT,TOR,Off,BOS,TOR,CONNOR DEWAR,8480980.0,,,,,MORGAN GEEKIE,8479987.0,DAVID PASTRNAK,8477956.0,PAT MAROON,8474034.0,MASON LOHREI,8482511.0,KEVIN SHATTENKIRK,8474031.0,JEREMY SWAYMAN,8480280.0,CONNOR DEWAR,8480980.0,DAVID KAMPF,8480144.0,RYAN REAVES,8471817.0,SIMON BENOIT,8481122.0,JAKE MCCABE,8476931.0,ILYA SAMSONOV,8478492.0,6,6,0,0,JEREMY SWAYMAN,8480280.0,ILYA SAMSONOV,8478492.0,75.0,14.0,Sheldon Keefe,Jim Montgomery,225.0,30123.0,2024-04-24,2.0,HIT,"TOR #64 KAMPF HIT BOS #13 COYLE, Off. Zone",9:52,592.0,5x5,Off,,TOR,Off,BOS,TOR,DAVID KAMPF,8480144.0,CHARLIE COYLE,8475745.0,,,CHARLIE COYLE,8475745.0,DAVID PASTRNAK,8477956.0,BRAD MARCHAND,8473419.0,MASON LOHREI,8482511.0,KEVIN SHATTENKIRK,8474031.0,JEREMY SWAYMAN,8480280.0,MAX DOMI,8477503.0,CONNOR DEWAR,8480980.0,DAVID KAMPF,8480144.0,JOEL EDMUNDSON,8476441.0,ILYA LYUBUSHKIN,8480950.0,ILYA SAMSONOV,8478492.0,6.0,6.0,0.0,0.0,JEREMY SWAYMAN,8480280.0,ILYA SAMSONOV,8478492.0,92.0,21.0,Sheldon Keefe,Jim Montgomery,home,5x5,0,0.096143045,1.2963357,30.116666666666667
236,236,30123,2024-04-24,2,MISS,"TOR #11 DOMI, Wrist, Wide Left, Neu. Zone, 75 ft. ",12:11,1931.0,5x5,Neu,WRIST SHOT,TOR,Neu,BOS,TOR,MAX DOMI,8477503.0,,,,,JOHN BEECHER,8481556.0,JESPER BOQVIST,8480003.0,PAT MAROON,8474034.0,BRANDON CARLO,8478443.0,HAMPUS LINDHOLM,8476854.0,JEREMY SWAYMAN,8480280.0,MAX DOMI,8477503.0,AUSTON MATTHEWS,8479318.0,JOHN TAVARES,8475166.0,SIMON BENOIT,8481122.0,JAKE MCCABE,8476931.0,ILYA SAMSONOV,8478492.0,6,6,0,0,JEREMY SWAYMAN,8480280.0,ILYA SAMSONOV,8478492.0,18.0,25.0,Sheldon Keefe,Jim Montgomery,235.0,30123.0,2024-04-24,2.0,HIT,"TOR #59 BERTUZZI HIT BOS #19 BEECHER, Def. Zone",11:57,717.0,5x5,Def,,TOR,Def,BOS,TOR,TYLER BERTUZZI,8477479.0,JOHN BEECHER,8481556.0,,,JOHN BEECHER,8481556.0,JESPER BOQVIST,8480003.0,PAT MAROON,8474034.0,BRANDON CARLO,8478443.0,HAMPUS LINDHOLM,8476854.0,JEREMY SWAYMAN,8480280.0,MAX DOMI,8477503.0,AUSTON MATTHEWS,8479318.0,TYLER BERTUZZI,8477479.0,MORGAN RIELLY,8476853.0,ILYA LYUBUSHKIN,8480950.0,ILYA SAMSONOV,8478492.0,6.0,6.0,0.0,0.0,JEREMY SWAYMAN,8480280.0,ILYA SAMSONOV,8478492.0,-32.0,39.0,Sheldon Keefe,Jim Montgomery,home,5x5,0,0.0013542797,1.29769,32.18333333333333
242,242,30123,2024-04-24,2,GOAL,"TOR #23 KNIES(1), Wrist , Off. Zone, 2 ft.Assists: #16 MARNER(1); #20 EDMUNDSON(1) ",13:10,1990.0,5x5,Off,WRIST SHOT,TOR,Off,BOS,TOR,MATTHEW KNIES,8482720.0,MITCH MARNER,8478483.0,JOEL EDMUNDSON,8476441.0,PAVEL ZACHA,8478401.0,DAVID PASTRNAK,8477956.0,JAKE DEBRUSK,8478498.0,KEVIN SHATTENKIRK,8474031.0,PARKER WOTHERSPOON,8478450.0,JEREMY SWAYMAN,8480280.0,JOHN TAVARES,8475166.0,MITCH MARNER,8478483.0,MATTHEW KNIES,8482720.0,JOEL EDMUNDSON,8476441.0,TIMOTHY LILJEGREN,8480043.0,ILYA SAMSONOV,8478492.0,6,6,0,0,JEREMY SWAYMAN,8480280.0,ILYA SAMSONOV,8478492.0,89.0,2.0,Sheldon Keefe,Jim Montgomery,241.0,30123.0,2024-04-24,2.0,BLOCK,"BOS #88 PASTRNAK BLOCKED BY TEAMMATE, Wrist, Off. Zone ",12:58,778.0,5x5,Off,WRIST SHOT,BOS,Off,BOS,TOR,DAVID PASTRNAK,8477956.0,,,,,PAVEL ZACHA,8478401.0,MORGAN GEEKIE,8479987.0,DAVID PASTRNAK,8477956.0,KEVIN SHATTENKIRK,8474031.0,PARKER WOTHERSPOON,8478450.0,JEREMY SWAYMAN,8480280.0,JOHN TAVARES,8475166.0,MITCH MARNER,8478483.0,MATTHEW KNIES,8482720.0,JOEL EDMUNDSON,8476441.0,TIMOTHY LILJEGREN,8480043.0,ILYA SAMSONOV,8478492.0,6.0,6.0,0.0,0.0,JEREMY SWAYMAN,8480280.0,ILYA SAMSONOV,8478492.0,-79.0,-4.0,Sheldon Keefe,Jim Montgomery,home,5x5,0,0.12406839,1.4217584,33.166666666666664
245,245,30123,2024-04-24,2,SHOT,"TOR ONGOAL - #46 LYUBUSHKIN, Slap , Off. Zone, 60 ft. ",13:28,2008.0,5x5,Off,SLAP SHOT,TOR,Off,BOS,TOR,ILYA LYUBUSHKIN,8480950.0,,,,,TRENT FREDERIC,8479365.0,JAMES VAN RIEMSDYK,8474037.0,DANTON HEINEN,8478046.0,MASON LOHREI,8482511.0,CHARLIE MCAVOY,8479325.0,JEREMY SWAYMAN,8480280.0,MAX DOMI,8477503.0,AUSTON MATTHEWS,8479318.0,TYLER BERTUZZI,8477479.0,MORGAN RIELLY,8476853.0,ILYA LYUBUSHKIN,8480950.0,ILYA SAMSONOV,8478492.0,6,6,0,1,JEREMY SWAYMAN,8480280.0,ILYA SAMSONOV,8478492.0,32.0,-19.0,Sheldon Keefe,Jim Montgomery,244.0,30123.0,2024-04-24,2.0,HIT,"TOR #34 MATTHEWS HIT BOS #6 LOHREI, Off. Zone",13:18,798.0,5x5,Off,,TOR,Off,BOS,TOR,AUSTON MATTHEWS,8479318.0,MASON LOHREI,8482511.0,,,TRENT FREDERIC,8479365.0,JAMES VAN RIEMSDYK,8474037.0,DANTON HEINEN,8478046.0,MASON LOHREI,8482511.0,CHARLIE MCAVOY,8479325.0,JEREMY SWAYMAN,8480280.0,MAX DOMI,8477503.0,AUSTON MATTHEWS,8479318.0,TYLER BERTUZZI,8477479.0,MORGAN RIELLY,8476853.0,ILYA LYUBUSHKIN,8480950.0,ILYA SAMSONOV,8478492.0,6.0,6.0,0.0,1.0,JEREMY SWAYMAN,8480280.0,ILYA SAMSONOV,8478492.0,87.0,-34.0,Sheldon Keefe,Jim Montgomery,home,5x5,0,0.014111869,1.4358703,33.46666666666667
257,257,30123,2024-04-24,2,SHOT,"TOR ONGOAL - #64 KAMPF, Wrist , Neu. Zone, 76 ft. ",14:34,2074.0,5x5,Neu,WRIST SHOT,TOR,Neu,BOS,TOR,DAVID KAMPF,8480144.0,,,,,CHARLIE COYLE,8475745.0,JOHN BEECHER,8481556.0,PAT MAROON,8474034.0,BRANDON CARLO,8478443.0,HAMPUS LINDHOLM,8476854.0,JEREMY SWAYMAN,8480280.0,CALLE JARNKROK,8475714.0,DAVID KAMPF,8480144.0,SIMON BENOIT,8481122.0,JAKE MCCABE,8476931.0,TIMOTHY LILJEGREN,8480043.0,ILYA SAMSONOV,8478492.0,6,6,0,1,JEREMY SWAYMAN,8480280.0,ILYA SAMSONOV,8478492.0,13.0,0.0,Sheldon Keefe,Jim Montgomery,256.0,30123.0,2024-04-24,2.0,HIT,"BOS #13 COYLE HIT TOR #19 JARNKROK, Off. Zone",14:23,863.0,5x5,Off,,BOS,Def,BOS,TOR,CHARLIE COYLE,8475745.0,CALLE JARNKROK,8475714.0,,,CHARLIE COYLE,8475745.0,MORGAN GEEKIE,8479987.0,BRAD MARCHAND,8473419.0,BRANDON CARLO,8478443.0,HAMPUS LINDHOLM,8476854.0,JEREMY SWAYMAN,8480280.0,CALLE JARNKROK,8475714.0,CONNOR DEWAR,8480980.0,DAVID KAMPF,8480144.0,SIMON BENOIT,8481122.0,JAKE MCCABE,8476931.0,ILYA SAMSONOV,8478492.0,6.0,6.0,0.0,1.0,JEREMY SWAYMAN,8480280.0,ILYA SAMSONOV,8478492.0,-86.0,-34.0,Sheldon Keefe,Jim Montgomery,home,5x5,0,0.02661885,1.4624891,34.56666666666667
262,262,30123,2024-04-24,2,MISS,"TOR #44 RIELLY, Wrist, Wide Right, Off. Zone, 36 ft. ",15:37,2137.0,5x5,Off,WRIST SHOT,TOR,Off,BOS,TOR,MORGAN RIELLY,8476853.0,,,,,JESPER BOQVIST,8480003.0,DAVID PASTRNAK,8477956.0,JAKE DEBRUSK,8478498.0,KEVIN SHATTENKIRK,8474031.0,PARKER WOTHERSPOON,8478450.0,JEREMY SWAYMAN,8480280.0,JOHN TAVARES,8475166.0,MITCH MARNER,8478483.0,MATTHEW KNIES,8482720.0,MORGAN RIELLY,8476853.0,ILYA LYUBUSHKIN,8480950.0,ILYA SAMSONOV,8478492.0,6,6,0,1,JEREMY SWAYMAN,8480280.0,ILYA SAMSONOV,8478492.0,71.0,31.0,Sheldon Keefe,Jim Montgomery,261.0,30123.0,2024-04-24,2.0,BLOCK,"TOR #16 MARNER BLOCKED BY TEAMMATE, Snap, Def. Zone ",15:35,935.0,5x5,Def,SNAP SHOT,TOR,Off,BOS,TOR,MITCH MARNER,8478483.0,,,,,JESPER BOQVIST,8480003.0,DAVID PASTRNAK,8477956.0,JAKE DEBRUSK,8478498.0,KEVIN SHATTENKIRK,8474031.0,PARKER WOTHERSPOON,8478450.0,JEREMY SWAYMAN,8480280.0,JOHN TAVARES,8475166.0,MITCH MARNER,8478483.0,MATTHEW KNIES,8482720.0,MORGAN RIELLY,8476853.0,ILYA LYUBUSHKIN,8480950.0,ILYA SAMSONOV,8478492.0,6.0,6.0,0.0,1.0,JEREMY SWAYMAN,8480280.0,ILYA SAMSONOV,8478492.0,81.0,-3.0,Sheldon Keefe,Jim Montgomery,home,5x5,0,0.051843908,1.514333,35.61666666666667
265,265,30123,2024-04-24,2,SHOT,"TOR ONGOAL - #23 KNIES, Snap , Off. Zone, 25 ft. ",16:15,2175.0,5x5,Off,SNAP SHOT,TOR,Off,BOS,TOR,MATTHEW KNIES,8482720.0,,,,,PAVEL ZACHA,8478401.0,DAVID PASTRNAK,8477956.0,JAKE DEBRUSK,8478498.0,MASON LOHREI,8482511.0,CHARLIE MCAVOY,8479325.0,JEREMY SWAYMAN,8480280.0,JOHN TAVARES,8475166.0,MITCH MARNER,8478483.0,MATTHEW KNIES,8482720.0,SIMON BENOIT,8481122.0,JAKE MCCABE,8476931.0,ILYA SAMSONOV,8478492.0,6,6,0,1,JEREMY SWAYMAN,8480280.0,ILYA SAMSONOV,8478492.0,70.0,17.0,Sheldon Keefe,Jim Montgomery,264.0,30123.0,2024-04-24,2.0,FAC,TOR won Neu. Zone - BOS #18 ZACHA vs TOR #91 TAVARES,15:56,956.0,5x5,Neu,,TOR,Neu,BOS,TOR,JOHN TAVARES,8475166.0,PAVEL ZACHA,8478401.0,,,PAVEL ZACHA,8478401.0,DAVID PASTRNAK,8477956.0,JAKE DEBRUSK,8478498.0,MASON LOHREI,8482511.0,CHARLIE MCAVOY,8479325.0,JEREMY SWAYMAN,8480280.0,JOHN TAVARES,8475166.0,MITCH MARNER,8478483.0,MATTHEW KNIES,8482720.0,SIMON BENOIT,8481122.0,JAKE MCCABE,8476931.0,ILYA SAMSONOV,8478492.0,6.0,6.0,0.0,1.0,JEREMY SWAYMAN,8480280.0,ILYA SAMSONOV,8478492.0,-20.0,-22.0,Sheldon Keefe,Jim Montgomery,home,5x5,0,0.036858156,1.5511912,36.25
299,299,30123,2024-04-24,3,SHOT,"TOR ONGOAL - #34 MATTHEWS, Slap , Off. Zone, 46 ft. ",1:16,2476.0,5x5,Off,SLAP SHOT,TOR,Off,BOS,TOR,AUSTON MATTHEWS,8479318.0,,,,,TRENT FREDERIC,8479365.0,DANTON HEINEN,8478046.0,BRAD MARCHAND,8473419.0,BRANDON CARLO,8478443.0,HAMPUS LINDHOLM,8476854.0,JEREMY SWAYMAN,8480280.0,MAX DOMI,8477503.0,AUSTON MATTHEWS,8479318.0,TYLER BERTUZZI,8477479.0,SIMON BENOIT,8481122.0,JAKE MCCABE,8476931.0,ILYA SAMSONOV,8478492.0,6,6,2,1,JEREMY SWAYMAN,8480280.0,ILYA SAMSONOV,8478492.0,-51.0,-27.0,Sheldon Keefe,Jim Montgomery,298.0,30123.0,2024-04-24,3.0,FAC,TOR won Neu. Zone - BOS #11 FREDERIC vs TOR #34 MATTHEWS,1:07,67.0,5x5,Neu,,TOR,Neu,BOS,TOR,AUSTON MATTHEWS,8479318.0,TRENT FREDERIC,8479365.0,,,TRENT FREDERIC,8479365.0,JAMES VAN RIEMSDYK,8474037.0,DANTON HEINEN,8478046.0,BRANDON CARLO,8478443.0,HAMPUS LINDHOLM,8476854.0,JEREMY SWAYMAN,8480280.0,MAX DOMI,8477503.0,AUSTON MATTHEWS,8479318.0,TYLER BERTUZZI,8477479.0,SIMON BENOIT,8481122.0,JAKE MCCABE,8476931.0,ILYA SAMSONOV,8478492.0,6.0,6.0,2.0,1.0,JEREMY SWAYMAN,8480280.0,ILYA SAMSONOV,8478492.0,0.0,0.0,Sheldon Keefe,Jim Montgomery,home,5x5,0,0.0,1.5511912,41.266666666666666
313,313,30123,2024-04-24,3,SHOT,"TOR ONGOAL - #59 BERTUZZI, Wrist , Off. Zone, 34 ft. ",4:06,2646.0,5x5,Off,WRIST SHOT,TOR,Off,BOS,TOR,TYLER BERTUZZI,8477479.0,,,,,JOHN BEECHER,8481556.0,JESPER BOQVIST,8480003.0,PAT MAROON,8474034.0,MASON LOHREI,8482511.0,CHARLIE MCAVOY,8479325.0,JEREMY SWAYMAN,8480280.0,AUSTON MATTHEWS,8479318.0,RYAN REAVES,8471817.0,TYLER BERTUZZI,8477479.0,SIMON BENOIT,8481122.0,JAKE MCCABE,8476931.0,ILYA SAMSONOV,8478492.0,6,6,2,1,JEREMY SWAYMAN,8480280.0,ILYA SAMSONOV,8478492.0,-66.0,25.0,Sheldon Keefe,Jim Montgomery,312.0,30123.0,2024-04-24,3.0,DELPEN,BOS,4:03,243.0,5x5,,,,,BOS,TOR,,,,,,,JOHN BEECHER,8481556.0,JESPER BOQVIST,8480003.0,PAT MAROON,8474034.0,MASON LOHREI,8482511.0,CHARLIE MCAVOY,8479325.0,JEREMY SWAYMAN,8480280.0,AUSTON MATTHEWS,8479318.0,RYAN REAVES,8471817.0,TYLER BERTUZZI,8477479.0,SIMON BENOIT,8481122.0,JAKE MCCABE,8476931.0,ILYA SAMSONOV,8478492.0,6.0,6.0,2.0,1.0,JEREMY SWAYMAN,8480280.0,ILYA SAMSONOV,8478492.0,,,Sheldon Keefe,Jim Montgomery,home,5x5,0,0.18411863,1.7353098,44.1
329,329,30123,2024-04-24,3,MISS,"TOR #19 JARNKROK, Wrist, Wide Left, Off. Zone, 30 ft. ",6:26,2786.0,5x5,Off,WRIST SHOT,TOR,Off,BOS,TOR,CALLE JARNKROK,8475714.0,,,,,TRENT FREDERIC,8479365.0,MORGAN GEEKIE,8479987.0,DAVID PASTRNAK,8477956.0,PARKER WOTHERSPOON,8478450.0,CHARLIE MCAVOY,8479325.0,JEREMY SWAYMAN,8480280.0,CALLE JARNKROK,8475714.0,PONTUS HOLMBERG,8480995.0,NICHOLAS ROBERTSON,8481582.0,SIMON BENOIT,8481122.0,JAKE MCCABE,8476931.0,ILYA SAMSONOV,8478492.0,6,6,2,1,JEREMY SWAYMAN,8480280.0,ILYA SAMSONOV,8478492.0,-84.0,30.0,Sheldon Keefe,Jim Montgomery,328.0,30123.0,2024-04-24,3.0,GIVE,"BOS GIVEAWAY - #73 MCAVOY, Def. Zone",6:22,382.0,5x5,Def,,BOS,Off,BOS,TOR,CHARLIE MCAVOY,8479325.0,,,,,TRENT FREDERIC,8479365.0,MORGAN GEEKIE,8479987.0,DAVID PASTRNAK,8477956.0,PARKER WOTHERSPOON,8478450.0,CHARLIE MCAVOY,8479325.0,JEREMY SWAYMAN,8480280.0,CALLE JARNKROK,8475714.0,PONTUS HOLMBERG,8480995.0,NICHOLAS ROBERTSON,8481582.0,SIMON BENOIT,8481122.0,JAKE MCCABE,8476931.0,ILYA SAMSONOV,8478492.0,6.0,6.0,2.0,1.0,JEREMY SWAYMAN,8480280.0,ILYA SAMSONOV,8478492.0,-50.0,-38.0,Sheldon Keefe,Jim Montgomery,home,5x5,0,0.0,1.7353098,46.43333333333333
334,334,30123,2024-04-24,3,SHOT,"TOR ONGOAL - #89 ROBERTSON, Wrist , Off. Zone, 49 ft. ",7:07,2827.0,5x5,Off,WRIST SHOT,TOR,Off,BOS,TOR,NICHOLAS ROBERTSON,8481582.0,,,,,TRENT FREDERIC,8479365.0,MORGAN GEEKIE,8479987.0,DAVID PASTRNAK,8477956.0,MASON LOHREI,8482511.0,KEVIN SHATTENKIRK,8474031.0,JEREMY SWAYMAN,8480280.0,CALLE JARNKROK,8475714.0,PONTUS HOLMBERG,8480995.0,NICHOLAS ROBERTSON,8481582.0,JOEL EDMUNDSON,8476441.0,TIMOTHY LILJEGREN,8480043.0,ILYA SAMSONOV,8478492.0,6,6,2,1,JEREMY SWAYMAN,8480280.0,ILYA SAMSONOV,8478492.0,-41.0,12.0,Sheldon Keefe,Jim Montgomery,333.0,30123.0,2024-04-24,3.0,HIT,"BOS #6 LOHREI HIT TOR #29 HOLMBERG, Def. Zone",7:01,421.0,5x5,Def,,BOS,Off,BOS,TOR,MASON LOHREI,8482511.0,PONTUS HOLMBERG,8480995.0,,,TRENT FREDERIC,8479365.0,MORGAN GEEKIE,8479987.0,DAVID PASTRNAK,8477956.0,MASON LOHREI,8482511.0,KEVIN SHATTENKIRK,8474031.0,JEREMY SWAYMAN,8480280.0,CALLE JARNKROK,8475714.0,PONTUS HOLMBERG,8480995.0,NICHOLAS ROBERTSON,8481582.0,JOEL EDMUNDSON,8476441.0,TIMOTHY LILJEGREN,8480043.0,ILYA SAMSONOV,8478492.0,6.0,6.0,2.0,1.0,JEREMY SWAYMAN,8480280.0,ILYA SAMSONOV,8478492.0,-99.0,20.0,Sheldon Keefe,Jim Montgomery,home,5x5,0,0.01895484,1.7542647,47.11666666666667
357,357,30123,2024-04-24,3,SHOT,"TOR ONGOAL - #11 DOMI, Slap , Off. Zone, 40 ft. ",9:48,2988.0,5x5,Off,SLAP SHOT,TOR,Off,BOS,TOR,MAX DOMI,8477503.0,,,,,TRENT FREDERIC,8479365.0,JAMES VAN RIEMSDYK,8474037.0,DANTON HEINEN,8478046.0,HAMPUS LINDHOLM,8476854.0,PARKER WOTHERSPOON,8478450.0,JEREMY SWAYMAN,8480280.0,MAX DOMI,8477503.0,AUSTON MATTHEWS,8479318.0,TYLER BERTUZZI,8477479.0,TIMOTHY LILJEGREN,8480043.0,MORGAN RIELLY,8476853.0,ILYA SAMSONOV,8478492.0,6,6,2,1,JEREMY SWAYMAN,8480280.0,ILYA SAMSONOV,8478492.0,-62.0,30.0,Sheldon Keefe,Jim Montgomery,356.0,30123.0,2024-04-24,3.0,FAC,TOR won Off. Zone - BOS #11 FREDERIC vs TOR #34 MATTHEWS,9:43,583.0,5x5,Off,,TOR,Off,BOS,TOR,AUSTON MATTHEWS,8479318.0,TRENT FREDERIC,8479365.0,,,TRENT FREDERIC,8479365.0,JAMES VAN RIEMSDYK,8474037.0,DANTON HEINEN,8478046.0,HAMPUS LINDHOLM,8476854.0,PARKER WOTHERSPOON,8478450.0,JEREMY SWAYMAN,8480280.0,MAX DOMI,8477503.0,AUSTON MATTHEWS,8479318.0,TYLER BERTUZZI,8477479.0,TIMOTHY LILJEGREN,8480043.0,MORGAN RIELLY,8476853.0,ILYA SAMSONOV,8478492.0,6.0,6.0,2.0,1.0,JEREMY SWAYMAN,8480280.0,ILYA SAMSONOV,8478492.0,-69.0,-22.0,Sheldon Keefe,Jim Montgomery,home,5x5,0,0.0,1.7542647,49.8
368,368,30123,2024-04-24,3,SHOT,"TOR ONGOAL - #11 DOMI, Wrist , Off. Zone, 44 ft. ",11:22,3082.0,5x5,Off,WRIST SHOT,TOR,Off,BOS,TOR,MAX DOMI,8477503.0,,,,,PAVEL ZACHA,8478401.0,DAVID PASTRNAK,8477956.0,JAKE DEBRUSK,8478498.0,HAMPUS LINDHOLM,8476854.0,CHARLIE MCAVOY,8479325.0,JEREMY SWAYMAN,8480280.0,MAX DOMI,8477503.0,AUSTON MATTHEWS,8479318.0,TYLER BERTUZZI,8477479.0,JAKE MCCABE,8476931.0,MORGAN RIELLY,8476853.0,ILYA SAMSONOV,8478492.0,6,6,2,1,JEREMY SWAYMAN,8480280.0,ILYA SAMSONOV,8478492.0,-67.0,39.0,Sheldon Keefe,Jim Montgomery,367.0,30123.0,2024-04-24,3.0,HIT,"TOR #34 MATTHEWS HIT BOS #88 PASTRNAK, Off. Zone",11:02,662.0,5x5,Off,,TOR,Off,BOS,TOR,AUSTON MATTHEWS,8479318.0,DAVID PASTRNAK,8477956.0,,,PAVEL ZACHA,8478401.0,DAVID PASTRNAK,8477956.0,JAKE DEBRUSK,8478498.0,HAMPUS LINDHOLM,8476854.0,CHARLIE MCAVOY,8479325.0,JEREMY SWAYMAN,8480280.0,MAX DOMI,8477503.0,AUSTON MATTHEWS,8479318.0,TYLER BERTUZZI,8477479.0,JAKE MCCABE,8476931.0,MORGAN RIELLY,8476853.0,ILYA SAMSONOV,8478492.0,6.0,6.0,2.0,1.0,JEREMY SWAYMAN,8480280.0,ILYA SAMSONOV,8478492.0,-49.0,38.0,Sheldon Keefe,Jim Montgomery,home,5x5,0,0.010258755,1.7645235,51.36666666666667
369,369,30123,2024-04-24,3,GOAL,"TOR #59 BERTUZZI(1), Deflected, Defensive Deflection, Off. Zone, 13 ft.Assists: #44 RIELLY(1); #11 DOMI(2) ",11:25,3085.0,5x5,Off,DEFLECTED,TOR,Off,BOS,TOR,TYLER BERTUZZI,8477479.0,MORGAN RIELLY,8476853.0,MAX DOMI,8477503.0,PAVEL ZACHA,8478401.0,DAVID PASTRNAK,8477956.0,JAKE DEBRUSK,8478498.0,HAMPUS LINDHOLM,8476854.0,CHARLIE MCAVOY,8479325.0,JEREMY SWAYMAN,8480280.0,MAX DOMI,8477503.0,AUSTON MATTHEWS,8479318.0,TYLER BERTUZZI,8477479.0,JAKE MCCABE,8476931.0,MORGAN RIELLY,8476853.0,ILYA SAMSONOV,8478492.0,6,6,2,1,JEREMY SWAYMAN,8480280.0,ILYA SAMSONOV,8478492.0,-76.0,-1.0,Sheldon Keefe,Jim Montgomery,368.0,30123.0,2024-04-24,3.0,SHOT,"TOR ONGOAL - #11 DOMI, Wrist , Off. Zone, 44 ft. ",11:22,682.0,5x5,Off,WRIST SHOT,TOR,Off,BOS,TOR,MAX DOMI,8477503.0,,,,,PAVEL ZACHA,8478401.0,DAVID PASTRNAK,8477956.0,JAKE DEBRUSK,8478498.0,HAMPUS LINDHOLM,8476854.0,CHARLIE MCAVOY,8479325.0,JEREMY SWAYMAN,8480280.0,MAX DOMI,8477503.0,AUSTON MATTHEWS,8479318.0,TYLER BERTUZZI,8477479.0,JAKE MCCABE,8476931.0,MORGAN RIELLY,8476853.0,ILYA SAMSONOV,8478492.0,6.0,6.0,2.0,1.0,JEREMY SWAYMAN,8480280.0,ILYA SAMSONOV,8478492.0,-67.0,39.0,Sheldon Keefe,Jim Montgomery,home,5x5,0,0.27835137,2.0428748,51.416666666666664
371,371,30123,2024-04-24,3,SHOT,"TOR ONGOAL - #11 DOMI, Deflected , Off. Zone, 5 ft. ",11:32,3092.0,5x5,Off,DEFLECTED,TOR,Off,BOS,TOR,MAX DOMI,8477503.0,,,,,TRENT FREDERIC,8479365.0,JAMES VAN RIEMSDYK,8474037.0,DANTON HEINEN,8478046.0,MASON LOHREI,8482511.0,CHARLIE MCAVOY,8479325.0,JEREMY SWAYMAN,8480280.0,MAX DOMI,8477503.0,AUSTON MATTHEWS,8479318.0,TYLER BERTUZZI,8477479.0,JOEL EDMUNDSON,8476441.0,TIMOTHY LILJEGREN,8480043.0,ILYA SAMSONOV,8478492.0,6,6,2,2,JEREMY SWAYMAN,8480280.0,ILYA SAMSONOV,8478492.0,-84.0,3.0,Sheldon Keefe,Jim Montgomery,370.0,30123.0,2024-04-24,3.0,FAC,TOR won Neu. Zone - BOS #11 FREDERIC vs TOR #34 MATTHEWS,11:25,685.0,5x5,Neu,,TOR,Neu,BOS,TOR,AUSTON MATTHEWS,8479318.0,TRENT FREDERIC,8479365.0,,,TRENT FREDERIC,8479365.0,JAMES VAN RIEMSDYK,8474037.0,DANTON HEINEN,8478046.0,MASON LOHREI,8482511.0,CHARLIE MCAVOY,8479325.0,JEREMY SWAYMAN,8480280.0,MAX DOMI,8477503.0,AUSTON MATTHEWS,8479318.0,TYLER BERTUZZI,8477479.0,JOEL EDMUNDSON,8476441.0,TIMOTHY LILJEGREN,8480043.0,ILYA SAMSONOV,8478492.0,6.0,6.0,2.0,2.0,JEREMY SWAYMAN,8480280.0,ILYA SAMSONOV,8478492.0,0.0,0.0,Sheldon Keefe,Jim Montgomery,home,5x5,0,1.2222407e-33,2.0428748,51.53333333333333
377,377,30123,2024-04-24,3,MISS,"TOR #91 TAVARES, Tip-In, Wide Right, Off. Zone, 13 ft. ",12:50,3170.0,5x5,Off,TIP-IN,TOR,Off,BOS,TOR,JOHN TAVARES,8475166.0,,,,,PAVEL ZACHA,8478401.0,DAVID PASTRNAK,8477956.0,JAKE DEBRUSK,8478498.0,BRANDON CARLO,8478443.0,HAMPUS LINDHOLM,8476854.0,JEREMY SWAYMAN,8480280.0,JOHN TAVARES,8475166.0,MITCH MARNER,8478483.0,MATTHEW KNIES,8482720.0,SIMON BENOIT,8481122.0,JAKE MCCABE,8476931.0,ILYA SAMSONOV,8478492.0,6,6,3,2,JEREMY SWAYMAN,8480280.0,ILYA SAMSONOV,8478492.0,-76.0,-2.0,Sheldon Keefe,Jim Montgomery,376.0,30123.0,2024-04-24,3.0,SHOT,"BOS ONGOAL - #61 MAROON, Snap , Off. Zone, 16 ft. ",12:16,736.0,5x5,Off,SNAP SHOT,BOS,Def,BOS,TOR,PAT MAROON,8474034.0,,,,,JOHN BEECHER,8481556.0,JESPER BOQVIST,8480003.0,PAT MAROON,8474034.0,PARKER WOTHERSPOON,8478450.0,CHARLIE MCAVOY,8479325.0,JEREMY SWAYMAN,8480280.0,CALLE JARNKROK,8475714.0,PONTUS HOLMBERG,8480995.0,NICHOLAS ROBERTSON,8481582.0,MORGAN RIELLY,8476853.0,ILYA LYUBUSHKIN,8480950.0,ILYA SAMSONOV,8478492.0,6.0,6.0,3.0,2.0,JEREMY SWAYMAN,8480280.0,ILYA SAMSONOV,8478492.0,93.0,-16.0,Sheldon Keefe,Jim Montgomery,home,5x5,0,0.10619513,2.14907,52.833333333333336
403,403,30123,2024-04-24,3,SHOT,"TOR ONGOAL - #89 ROBERTSON, Wrist , Off. Zone, 38 ft. ",16:59,3419.0,5x5,Off,WRIST SHOT,TOR,Off,BOS,TOR,NICHOLAS ROBERTSON,8481582.0,,,,,TRENT FREDERIC,8479365.0,JAMES VAN RIEMSDYK,8474037.0,DANTON HEINEN,8478046.0,PARKER WOTHERSPOON,8478450.0,CHARLIE MCAVOY,8479325.0,JEREMY SWAYMAN,8480280.0,CALLE JARNKROK,8475714.0,PONTUS HOLMBERG,8480995.0,NICHOLAS ROBERTSON,8481582.0,JAKE MCCABE,8476931.0,TIMOTHY LILJEGREN,8480043.0,ILYA SAMSONOV,8478492.0,6,6,3,2,JEREMY SWAYMAN,8480280.0,ILYA SAMSONOV,8478492.0,-57.0,-22.0,Sheldon Keefe,Jim Montgomery,402.0,30123.0,2024-04-24,3.0,HIT,"BOS #11 FREDERIC HIT TOR #37 LILJEGREN, Off. Zone",16:45,1005.0,5x5,Off,,BOS,Def,BOS,TOR,TRENT FREDERIC,8479365.0,TIMOTHY LILJEGREN,8480043.0,,,TRENT FREDERIC,8479365.0,JAMES VAN RIEMSDYK,8474037.0,DANTON HEINEN,8478046.0,PARKER WOTHERSPOON,8478450.0,CHARLIE MCAVOY,8479325.0,JEREMY SWAYMAN,8480280.0,CALLE JARNKROK,8475714.0,PONTUS HOLMBERG,8480995.0,NICHOLAS ROBERTSON,8481582.0,JAKE MCCABE,8476931.0,TIMOTHY LILJEGREN,8480043.0,ILYA SAMSONOV,8478492.0,6.0,6.0,3.0,2.0,JEREMY SWAYMAN,8480280.0,ILYA SAMSONOV,8478492.0,97.0,14.0,Sheldon Keefe,Jim Montgomery,home,5x5,0,0.044897616,2.1939676,56.983333333333334
408,408,30123,2024-04-24,3,MISS,"TOR #34 MATTHEWS, Wrist, Wide Left, Off. Zone, 25 ft. ",17:53,3473.0,5x5,Off,WRIST SHOT,TOR,Off,BOS,TOR,AUSTON MATTHEWS,8479318.0,,,,,TRENT FREDERIC,8479365.0,JAMES VAN RIEMSDYK,8474037.0,DANTON HEINEN,8478046.0,PARKER WOTHERSPOON,8478450.0,CHARLIE MCAVOY,8479325.0,JEREMY SWAYMAN,8480280.0,AUSTON MATTHEWS,8479318.0,MITCH MARNER,8478483.0,PONTUS HOLMBERG,8480995.0,JOEL EDMUNDSON,8476441.0,ILYA LYUBUSHKIN,8480950.0,ILYA SAMSONOV,8478492.0,6,6,3,2,JEREMY SWAYMAN,8480280.0,ILYA SAMSONOV,8478492.0,-84.0,25.0,Sheldon Keefe,Jim Montgomery,407.0,30123.0,2024-04-24,3.0,HIT,"TOR #29 HOLMBERG HIT BOS #29 WOTHERSPOON, Off. Zone",17:27,1047.0,5x5,Off,,TOR,Off,BOS,TOR,PONTUS HOLMBERG,8480995.0,PARKER WOTHERSPOON,8478450.0,,,TRENT FREDERIC,8479365.0,JAMES VAN RIEMSDYK,8474037.0,DANTON HEINEN,8478046.0,PARKER WOTHERSPOON,8478450.0,CHARLIE MCAVOY,8479325.0,JEREMY SWAYMAN,8480280.0,CALLE JARNKROK,8475714.0,PONTUS HOLMBERG,8480995.0,NICHOLAS ROBERTSON,8481582.0,JOEL EDMUNDSON,8476441.0,ILYA LYUBUSHKIN,8480950.0,ILYA SAMSONOV,8478492.0,6.0,6.0,3.0,2.0,JEREMY SWAYMAN,8480280.0,ILYA SAMSONOV,8478492.0,-88.0,35.0,Sheldon Keefe,Jim Montgomery,home,5x5,0,0.023152208,2.2171197,57.88333333333333
409,409,30123,2024-04-24,3,SHOT,"TOR ONGOAL - #19 JARNKROK, Wrist , Off. Zone, 15 ft. ",18:15,3495.0,5x5,Off,WRIST SHOT,TOR,Off,BOS,TOR,CALLE JARNKROK,8475714.0,,,,,PAVEL ZACHA,8478401.0,DAVID PASTRNAK,8477956.0,JAKE DEBRUSK,8478498.0,BRANDON CARLO,8478443.0,HAMPUS LINDHOLM,8476854.0,JEREMY SWAYMAN,8480280.0,CALLE JARNKROK,8475714.0,AUSTON MATTHEWS,8479318.0,JOHN TAVARES,8475166.0,MITCH MARNER,8478483.0,TYLER BERTUZZI,8477479.0,MORGAN RIELLY,8476853.0,6,6,3,2,JEREMY SWAYMAN,8480280.0,,,-81.0,-13.0,Sheldon Keefe,Jim Montgomery,408.0,30123.0,2024-04-24,3.0,MISS,"TOR #34 MATTHEWS, Wrist, Wide Left, Off. Zone, 25 ft. ",17:53,1073.0,5x5,Off,WRIST SHOT,TOR,Off,BOS,TOR,AUSTON MATTHEWS,8479318.0,,,,,TRENT FREDERIC,8479365.0,JAMES VAN RIEMSDYK,8474037.0,DANTON HEINEN,8478046.0,PARKER WOTHERSPOON,8478450.0,CHARLIE MCAVOY,8479325.0,JEREMY SWAYMAN,8480280.0,AUSTON MATTHEWS,8479318.0,MITCH MARNER,8478483.0,PONTUS HOLMBERG,8480995.0,JOEL EDMUNDSON,8476441.0,ILYA LYUBUSHKIN,8480950.0,ILYA SAMSONOV,8478492.0,6.0,6.0,3.0,2.0,JEREMY SWAYMAN,8480280.0,ILYA SAMSONOV,8478492.0,-84.0,25.0,Sheldon Keefe,Jim Montgomery,home,5x5,0,0.056978,2.2740977,58.25
410,410,30123,2024-04-24,3,SHOT,"TOR ONGOAL - #19 JARNKROK, Wrist , Off. Zone, 10 ft. ",18:16,3496.0,5x5,Off,WRIST SHOT,TOR,Off,BOS,TOR,CALLE JARNKROK,8475714.0,,,,,PAVEL ZACHA,8478401.0,DAVID PASTRNAK,8477956.0,JAKE DEBRUSK,8478498.0,BRANDON CARLO,8478443.0,HAMPUS LINDHOLM,8476854.0,JEREMY SWAYMAN,8480280.0,CALLE JARNKROK,8475714.0,AUSTON MATTHEWS,8479318.0,JOHN TAVARES,8475166.0,MITCH MARNER,8478483.0,TYLER BERTUZZI,8477479.0,MORGAN RIELLY,8476853.0,6,6,3,2,JEREMY SWAYMAN,8480280.0,,,-79.0,0.0,Sheldon Keefe,Jim Montgomery,409.0,30123.0,2024-04-24,3.0,SHOT,"TOR ONGOAL - #19 JARNKROK, Wrist , Off. Zone, 15 ft. ",18:15,1095.0,5x5,Off,WRIST SHOT,TOR,Off,BOS,TOR,CALLE JARNKROK,8475714.0,,,,,PAVEL ZACHA,8478401.0,DAVID PASTRNAK,8477956.0,JAKE DEBRUSK,8478498.0,BRANDON CARLO,8478443.0,HAMPUS LINDHOLM,8476854.0,JEREMY SWAYMAN,8480280.0,CALLE JARNKROK,8475714.0,AUSTON MATTHEWS,8479318.0,JOHN TAVARES,8475166.0,MITCH MARNER,8478483.0,TYLER BERTUZZI,8477479.0,MORGAN RIELLY,8476853.0,6.0,6.0,3.0,2.0,JEREMY SWAYMAN,8480280.0,,,-81.0,-13.0,Sheldon Keefe,Jim Montgomery,home,5x5,0,0.19863051,2.4727283,58.266666666666666
411,411,30123,2024-04-24,3,SHOT,"TOR ONGOAL - #91 TAVARES, Wrist , Off. Zone, 12 ft. ",18:17,3497.0,5x5,Off,WRIST SHOT,TOR,Off,BOS,TOR,JOHN TAVARES,8475166.0,,,,,PAVEL ZACHA,8478401.0,DAVID PASTRNAK,8477956.0,JAKE DEBRUSK,8478498.0,BRANDON CARLO,8478443.0,HAMPUS LINDHOLM,8476854.0,JEREMY SWAYMAN,8480280.0,CALLE JARNKROK,8475714.0,AUSTON MATTHEWS,8479318.0,JOHN TAVARES,8475166.0,MITCH MARNER,8478483.0,TYLER BERTUZZI,8477479.0,MORGAN RIELLY,8476853.0,6,6,3,2,JEREMY SWAYMAN,8480280.0,,,-77.0,0.0,Sheldon Keefe,Jim Montgomery,410.0,30123.0,2024-04-24,3.0,SHOT,"TOR ONGOAL - #19 JARNKROK, Wrist , Off. Zone, 10 ft. ",18:16,1096.0,5x5,Off,WRIST SHOT,TOR,Off,BOS,TOR,CALLE JARNKROK,8475714.0,,,,,PAVEL ZACHA,8478401.0,DAVID PASTRNAK,8477956.0,JAKE DEBRUSK,8478498.0,BRANDON CARLO,8478443.0,HAMPUS LINDHOLM,8476854.0,JEREMY SWAYMAN,8480280.0,CALLE JARNKROK,8475714.0,AUSTON MATTHEWS,8479318.0,JOHN TAVARES,8475166.0,MITCH MARNER,8478483.0,TYLER BERTUZZI,8477479.0,MORGAN RIELLY,8476853.0,6.0,6.0,3.0,2.0,JEREMY SWAYMAN,8480280.0,,,-79.0,0.0,Sheldon Keefe,Jim Montgomery,home,5x5,0,0.17671506,2.6494434,58.28333333333333
4,4,30123,2024-04-24,1,MISS,"BOS #6 LOHREI, Wrist, Wide Right, Off. Zone, 67 ft. ",0:15,15.0,5x5,Off,WRIST SHOT,BOS,Def,BOS,TOR,MASON LOHREI,8482511.0,,,,,PAVEL ZACHA,8478401.0,DAVID PASTRNAK,8477956.0,JAKE DEBRUSK,8478498.0,MASON LOHREI,8482511.0,CHARLIE MCAVOY,8479325.0,JEREMY SWAYMAN,8480280.0,JOHN TAVARES,8475166.0,MITCH MARNER,8478483.0,MATTHEW KNIES,8482720.0,SIMON BENOIT,8481122.0,JAKE MCCABE,8476931.0,ILYA SAMSONOV,8478492.0,6,6,0,0,JEREMY SWAYMAN,8480280.0,ILYA SAMSONOV,8478492.0,34.0,38.0,Sheldon Keefe,Jim Montgomery,3.0,30123.0,2024-04-24,1.0,HIT,"BOS #74 DEBRUSK HIT TOR #22 MCCABE, Off. Zone",0:13,13.0,5x5,Off,,BOS,Def,BOS,TOR,JAKE DEBRUSK,8478498.0,JAKE MCCABE,8476931.0,,,PAVEL ZACHA,8478401.0,DAVID PASTRNAK,8477956.0,JAKE DEBRUSK,8478498.0,MASON LOHREI,8482511.0,CHARLIE MCAVOY,8479325.0,JEREMY SWAYMAN,8480280.0,JOHN TAVARES,8475166.0,MITCH MARNER,8478483.0,MATTHEW KNIES,8482720.0,SIMON BENOIT,8481122.0,JAKE MCCABE,8476931.0,ILYA SAMSONOV,8478492.0,6.0,6.0,0.0,0.0,JEREMY SWAYMAN,8480280.0,ILYA SAMSONOV,8478492.0,96.0,0.0,Sheldon Keefe,Jim Montgomery,away,5x5,0,0.0,0.0,0.25
64,64,30123,2024-04-24,1,MISS,"BOS #73 MCAVOY, Wrap-around, Wide Right, Off. Zone, 9 ft. ",7:22,442.0,5x5,Off,WRAP-AROUND,BOS,Def,BOS,TOR,CHARLIE MCAVOY,8479325.0,,,,,TRENT FREDERIC,8479365.0,DAVID PASTRNAK,8477956.0,PAT MAROON,8474034.0,MASON LOHREI,8482511.0,CHARLIE MCAVOY,8479325.0,JEREMY SWAYMAN,8480280.0,JOHN TAVARES,8475166.0,MITCH MARNER,8478483.0,MATTHEW KNIES,8482720.0,JOEL EDMUNDSON,8476441.0,TIMOTHY LILJEGREN,8480043.0,ILYA SAMSONOV,8478492.0,6,6,0,0,JEREMY SWAYMAN,8480280.0,ILYA SAMSONOV,8478492.0,87.0,9.0,Sheldon Keefe,Jim Montgomery,63.0,30123.0,2024-04-24,1.0,HIT,"BOS #12 SHATTENKIRK HIT TOR #20 EDMUNDSON, Def. Zone",7:04,424.0,5x5,Def,,BOS,Off,BOS,TOR,KEVIN SHATTENKIRK,8474031.0,JOEL EDMUNDSON,8476441.0,,,TRENT FREDERIC,8479365.0,DAVID PASTRNAK,8477956.0,PAT MAROON,8474034.0,KEVIN SHATTENKIRK,8474031.0,PARKER WOTHERSPOON,8478450.0,JEREMY SWAYMAN,8480280.0,JOHN TAVARES,8475166.0,MITCH MARNER,8478483.0,MATTHEW KNIES,8482720.0,JOEL EDMUNDSON,8476441.0,TIMOTHY LILJEGREN,8480043.0,ILYA SAMSONOV,8478492.0,6.0,6.0,0.0,0.0,JEREMY SWAYMAN,8480280.0,ILYA SAMSONOV,8478492.0,-81.0,-37.0,Sheldon Keefe,Jim Montgomery,away,5x5,0,0.0,0.0,7.366666666666666
67,67,30123,2024-04-24,1,SHOT,"BOS ONGOAL - #39 GEEKIE, Wrist , Off. Zone, 44 ft. ",7:59,479.0,5x5,Off,WRIST SHOT,BOS,Def,BOS,TOR,MORGAN GEEKIE,8479987.0,,,,,CHARLIE COYLE,8475745.0,MORGAN GEEKIE,8479987.0,BRAD MARCHAND,8473419.0,BRANDON CARLO,8478443.0,HAMPUS LINDHOLM,8476854.0,JEREMY SWAYMAN,8480280.0,MAX DOMI,8477503.0,AUSTON MATTHEWS,8479318.0,TYLER BERTUZZI,8477479.0,SIMON BENOIT,8481122.0,JAKE MCCABE,8476931.0,ILYA SAMSONOV,8478492.0,6,6,0,0,JEREMY SWAYMAN,8480280.0,ILYA SAMSONOV,8478492.0,46.0,-13.0,Sheldon Keefe,Jim Montgomery,66.0,30123.0,2024-04-24,1.0,HIT,"TOR #34 MATTHEWS HIT BOS #27 LINDHOLM, Off. Zone",7:53,473.0,5x5,Off,,TOR,Off,BOS,TOR,AUSTON MATTHEWS,8479318.0,HAMPUS LINDHOLM,8476854.0,,,CHARLIE COYLE,8475745.0,MORGAN GEEKIE,8479987.0,BRAD MARCHAND,8473419.0,BRANDON CARLO,8478443.0,HAMPUS LINDHOLM,8476854.0,JEREMY SWAYMAN,8480280.0,MAX DOMI,8477503.0,AUSTON MATTHEWS,8479318.0,TYLER BERTUZZI,8477479.0,SIMON BENOIT,8481122.0,JAKE MCCABE,8476931.0,ILYA SAMSONOV,8478492.0,6.0,6.0,0.0,0.0,JEREMY SWAYMAN,8480280.0,ILYA SAMSONOV,8478492.0,-80.0,38.0,Sheldon Keefe,Jim Montgomery,away,5x5,0,0.014156146,0.014156146,7.983333333333333
127,127,30123,2024-04-24,1,MISS,"BOS #63 MARCHAND, Wrist, Wide Left, Off. Zone, 39 ft. ",16:17,977.0,5x5,Off,WRIST SHOT,BOS,Def,BOS,TOR,BRAD MARCHAND,8473419.0,,,,,CHARLIE COYLE,8475745.0,MORGAN GEEKIE,8479987.0,BRAD MARCHAND,8473419.0,BRANDON CARLO,8478443.0,HAMPUS LINDHOLM,8476854.0,JEREMY SWAYMAN,8480280.0,JOHN TAVARES,8475166.0,MITCH MARNER,8478483.0,NICHOLAS ROBERTSON,8481582.0,SIMON BENOIT,8481122.0,JAKE MCCABE,8476931.0,ILYA SAMSONOV,8478492.0,6,6,0,0,JEREMY SWAYMAN,8480280.0,ILYA SAMSONOV,8478492.0,63.0,30.0,Sheldon Keefe,Jim Montgomery,126.0,30123.0,2024-04-24,1.0,FAC,BOS won Def. Zone - BOS #13 COYLE vs TOR #91 TAVARES,16:08,968.0,5x5,Def,,BOS,Off,BOS,TOR,CHARLIE COYLE,8475745.0,JOHN TAVARES,8475166.0,,,CHARLIE COYLE,8475745.0,MORGAN GEEKIE,8479987.0,BRAD MARCHAND,8473419.0,BRANDON CARLO,8478443.0,HAMPUS LINDHOLM,8476854.0,JEREMY SWAYMAN,8480280.0,JOHN TAVARES,8475166.0,MITCH MARNER,8478483.0,NICHOLAS ROBERTSON,8481582.0,SIMON BENOIT,8481122.0,JAKE MCCABE,8476931.0,ILYA SAMSONOV,8478492.0,6.0,6.0,0.0,0.0,JEREMY SWAYMAN,8480280.0,ILYA SAMSONOV,8478492.0,-69.0,-22.0,Sheldon Keefe,Jim Montgomery,away,5x5,0,0.017750485,0.03190663,16.283333333333335
168,168,30123,2024-04-24,2,SHOT,"BOS ONGOAL - #18 ZACHA, Wrist , Off. Zone, 29 ft. ",1:19,1279.0,5x5,Off,WRIST SHOT,BOS,Def,BOS,TOR,PAVEL ZACHA,8478401.0,,,,,PAVEL ZACHA,8478401.0,DAVID PASTRNAK,8477956.0,JAKE DEBRUSK,8478498.0,MASON LOHREI,8482511.0,PARKER WOTHERSPOON,8478450.0,JEREMY SWAYMAN,8480280.0,MAX DOMI,8477503.0,PONTUS HOLMBERG,8480995.0,TYLER BERTUZZI,8477479.0,MORGAN RIELLY,8476853.0,ILYA LYUBUSHKIN,8480950.0,ILYA SAMSONOV,8478492.0,6,6,0,0,JEREMY SWAYMAN,8480280.0,ILYA SAMSONOV,8478492.0,-73.0,-25.0,Sheldon Keefe,Jim Montgomery,167.0,30123.0,2024-04-24,2.0,MISS,"TOR #34 MATTHEWS, Wrist, Hit Left Post, Off. Zone, 37 ft. ",1:01,61.0,5x5,Off,WRIST SHOT,TOR,Off,BOS,TOR,AUSTON MATTHEWS,8479318.0,,,,,PAVEL ZACHA,8478401.0,DAVID PASTRNAK,8477956.0,JAKE DEBRUSK,8478498.0,MASON LOHREI,8482511.0,CHARLIE MCAVOY,8479325.0,JEREMY SWAYMAN,8480280.0,MAX DOMI,8477503.0,AUSTON MATTHEWS,8479318.0,TYLER BERTUZZI,8477479.0,SIMON BENOIT,8481122.0,JAKE MCCABE,8476931.0,ILYA SAMSONOV,8478492.0,6.0,6.0,0.0,0.0,JEREMY SWAYMAN,8480280.0,ILYA SAMSONOV,8478492.0,58.0,-20.0,Sheldon Keefe,Jim Montgomery,away,5x5,0,1.0,1.0319066,21.316666666666666
183,183,30123,2024-04-24,2,SHOT,"BOS ONGOAL - #63 MARCHAND, Wrist , Off. Zone, 64 ft. ",4:30,1470.0,5x5,Off,WRIST SHOT,BOS,Def,BOS,TOR,BRAD MARCHAND,8473419.0,,,,,PAVEL ZACHA,8478401.0,MORGAN GEEKIE,8479987.0,BRAD MARCHAND,8473419.0,BRANDON CARLO,8478443.0,HAMPUS LINDHOLM,8476854.0,JEREMY SWAYMAN,8480280.0,MAX DOMI,8477503.0,AUSTON MATTHEWS,8479318.0,TYLER BERTUZZI,8477479.0,JOEL EDMUNDSON,8476441.0,TIMOTHY LILJEGREN,8480043.0,ILYA SAMSONOV,8478492.0,6,6,0,0,JEREMY SWAYMAN,8480280.0,ILYA SAMSONOV,8478492.0,-35.0,-36.0,Sheldon Keefe,Jim Montgomery,182.0,30123.0,2024-04-24,2.0,TAKE,"BOS TAKEAWAY - #27 LINDHOLM, Neu. Zone",4:19,259.0,5x5,Neu,,BOS,Neu,BOS,TOR,HAMPUS LINDHOLM,8476854.0,,,,,PAVEL ZACHA,8478401.0,MORGAN GEEKIE,8479987.0,BRAD MARCHAND,8473419.0,BRANDON CARLO,8478443.0,HAMPUS LINDHOLM,8476854.0,JEREMY SWAYMAN,8480280.0,MAX DOMI,8477503.0,AUSTON MATTHEWS,8479318.0,TYLER BERTUZZI,8477479.0,JOEL EDMUNDSON,8476441.0,TIMOTHY LILJEGREN,8480043.0,ILYA SAMSONOV,8478492.0,6.0,6.0,0.0,0.0,JEREMY SWAYMAN,8480280.0,ILYA SAMSONOV,8478492.0,-17.0,-36.0,Sheldon Keefe,Jim Montgomery,away,5x5,0,0.0,1.0319066,24.5
187,187,30123,2024-04-24,2,SHOT,"BOS ONGOAL - #6 LOHREI, Wrist , Off. Zone, 46 ft. ",5:20,1520.0,5x5,Off,WRIST SHOT,BOS,Def,BOS,TOR,MASON LOHREI,8482511.0,,,,,JESPER BOQVIST,8480003.0,DAVID PASTRNAK,8477956.0,JAKE DEBRUSK,8478498.0,MASON LOHREI,8482511.0,KEVIN SHATTENKIRK,8474031.0,JEREMY SWAYMAN,8480280.0,PONTUS HOLMBERG,8480995.0,RYAN REAVES,8471817.0,NICHOLAS ROBERTSON,8481582.0,SIMON BENOIT,8481122.0,JAKE MCCABE,8476931.0,ILYA SAMSONOV,8478492.0,6,6,0,0,JEREMY SWAYMAN,8480280.0,ILYA SAMSONOV,8478492.0,-48.0,-23.0,Sheldon Keefe,Jim Montgomery,186.0,30123.0,2024-04-24,2.0,HIT,"BOS #18 ZACHA HIT TOR #2 BENOIT, Off. Zone",5:00,300.0,5x5,Off,,BOS,Def,BOS,TOR,PAVEL ZACHA,8478401.0,SIMON BENOIT,8481122.0,,,PAVEL ZACHA,8478401.0,DAVID PASTRNAK,8477956.0,JAKE DEBRUSK,8478498.0,MASON LOHREI,8482511.0,CHARLIE MCAVOY,8479325.0,JEREMY SWAYMAN,8480280.0,CALLE JARNKROK,8475714.0,CONNOR DEWAR,8480980.0,DAVID KAMPF,8480144.0,SIMON BENOIT,8481122.0,JAKE MCCABE,8476931.0,ILYA SAMSONOV,8478492.0,6.0,6.0,0.0,0.0,JEREMY SWAYMAN,8480280.0,ILYA SAMSONOV,8478492.0,-94.0,25.0,Sheldon Keefe,Jim Montgomery,away,5x5,0,0.01040252,1.0423092,25.333333333333332
204,204,30123,2024-04-24,2,MISS,"BOS #27 LINDHOLM, Snap, Wide Right, Off. Zone, 55 ft. ",6:49,1609.0,5x5,Off,SNAP SHOT,BOS,Def,BOS,TOR,HAMPUS LINDHOLM,8476854.0,,,,,CHARLIE COYLE,8475745.0,MORGAN GEEKIE,8479987.0,BRAD MARCHAND,8473419.0,BRANDON CARLO,8478443.0,HAMPUS LINDHOLM,8476854.0,JEREMY SWAYMAN,8480280.0,MAX DOMI,8477503.0,AUSTON MATTHEWS,8479318.0,MITCH MARNER,8478483.0,JOEL EDMUNDSON,8476441.0,TIMOTHY LILJEGREN,8480043.0,ILYA SAMSONOV,8478492.0,6,6,0,0,JEREMY SWAYMAN,8480280.0,ILYA SAMSONOV,8478492.0,-47.0,-36.0,Sheldon Keefe,Jim Montgomery,203.0,30123.0,2024-04-24,2.0,HIT,"TOR #34 MATTHEWS HIT BOS #63 MARCHAND, Def. Zone",6:48,408.0,5x5,Def,,TOR,Def,BOS,TOR,AUSTON MATTHEWS,8479318.0,BRAD MARCHAND,8473419.0,,,CHARLIE COYLE,8475745.0,MORGAN GEEKIE,8479987.0,BRAD MARCHAND,8473419.0,BRANDON CARLO,8478443.0,HAMPUS LINDHOLM,8476854.0,JEREMY SWAYMAN,8480280.0,MAX DOMI,8477503.0,AUSTON MATTHEWS,8479318.0,MITCH MARNER,8478483.0,JOEL EDMUNDSON,8476441.0,TIMOTHY LILJEGREN,8480043.0,ILYA SAMSONOV,8478492.0,6.0,6.0,0.0,0.0,JEREMY SWAYMAN,8480280.0,ILYA SAMSONOV,8478492.0,-77.0,40.0,Sheldon Keefe,Jim Montgomery,away,5x5,0,1.7552743e-24,1.0423092,26.816666666666666
205,205,30123,2024-04-24,2,SHOT,"BOS ONGOAL - #63 MARCHAND, Wrist , Off. Zone, 30 ft. ",6:55,1615.0,5x5,Off,WRIST SHOT,BOS,Def,BOS,TOR,BRAD MARCHAND,8473419.0,,,,,CHARLIE COYLE,8475745.0,MORGAN GEEKIE,8479987.0,BRAD MARCHAND,8473419.0,BRANDON CARLO,8478443.0,HAMPUS LINDHOLM,8476854.0,JEREMY SWAYMAN,8480280.0,MAX DOMI,8477503.0,AUSTON MATTHEWS,8479318.0,MITCH MARNER,8478483.0,JOEL EDMUNDSON,8476441.0,TIMOTHY LILJEGREN,8480043.0,ILYA SAMSONOV,8478492.0,6,6,0,0,JEREMY SWAYMAN,8480280.0,ILYA SAMSONOV,8478492.0,-64.0,18.0,Sheldon Keefe,Jim Montgomery,204.0,30123.0,2024-04-24,2.0,MISS,"BOS #27 LINDHOLM, Snap, Wide Right, Off. Zone, 55 ft. ",6:49,409.0,5x5,Off,SNAP SHOT,BOS,Def,BOS,TOR,HAMPUS LINDHOLM,8476854.0,,,,,CHARLIE COYLE,8475745.0,MORGAN GEEKIE,8479987.0,BRAD MARCHAND,8473419.0,BRANDON CARLO,8478443.0,HAMPUS LINDHOLM,8476854.0,JEREMY SWAYMAN,8480280.0,MAX DOMI,8477503.0,AUSTON MATTHEWS,8479318.0,MITCH MARNER,8478483.0,JOEL EDMUNDSON,8476441.0,TIMOTHY LILJEGREN,8480043.0,ILYA SAMSONOV,8478492.0,6.0,6.0,0.0,0.0,JEREMY SWAYMAN,8480280.0,ILYA SAMSONOV,8478492.0,-47.0,-36.0,Sheldon Keefe,Jim Montgomery,away,5x5,0,1.6368996e-18,1.0423092,26.916666666666668
209,209,30123,2024-04-24,2,SHOT,"BOS ONGOAL - #73 MCAVOY, Wrist , Off. Zone, 64 ft. ",7:04,1624.0,5x5,Off,WRIST SHOT,BOS,Def,BOS,TOR,CHARLIE MCAVOY,8479325.0,,,,,PAVEL ZACHA,8478401.0,DAVID PASTRNAK,8477956.0,JAKE DEBRUSK,8478498.0,MASON LOHREI,8482511.0,CHARLIE MCAVOY,8479325.0,JEREMY SWAYMAN,8480280.0,CALLE JARNKROK,8475714.0,JOHN TAVARES,8475166.0,MATTHEW KNIES,8482720.0,SIMON BENOIT,8481122.0,JAKE MCCABE,8476931.0,ILYA SAMSONOV,8478492.0,6,6,0,0,JEREMY SWAYMAN,8480280.0,ILYA SAMSONOV,8478492.0,-39.0,41.0,Sheldon Keefe,Jim Montgomery,208.0,30123.0,2024-04-24,2.0,GIVE,"TOR GIVEAWAY - #2 BENOIT, Def. Zone",7:03,423.0,5x5,Def,,TOR,Def,BOS,TOR,SIMON BENOIT,8481122.0,,,,,PAVEL ZACHA,8478401.0,DAVID PASTRNAK,8477956.0,JAKE DEBRUSK,8478498.0,MASON LOHREI,8482511.0,CHARLIE MCAVOY,8479325.0,JEREMY SWAYMAN,8480280.0,CALLE JARNKROK,8475714.0,JOHN TAVARES,8475166.0,MATTHEW KNIES,8482720.0,SIMON BENOIT,8481122.0,JAKE MCCABE,8476931.0,ILYA SAMSONOV,8478492.0,6.0,6.0,0.0,0.0,JEREMY SWAYMAN,8480280.0,ILYA SAMSONOV,8478492.0,-39.0,41.0,Sheldon Keefe,Jim Montgomery,away,5x5,0,0.0,1.0423092,27.066666666666666
230,230,30123,2024-04-24,2,SHOT,"BOS ONGOAL - #61 MAROON, Snap , Off. Zone, 28 ft. ",11:22,1882.0,5x5,Off,SNAP SHOT,BOS,Def,BOS,TOR,PAT MAROON,8474034.0,,,,,TRENT FREDERIC,8479365.0,JAMES VAN RIEMSDYK,8474037.0,PAT MAROON,8474034.0,HAMPUS LINDHOLM,8476854.0,CHARLIE MCAVOY,8479325.0,JEREMY SWAYMAN,8480280.0,AUSTON MATTHEWS,8479318.0,TYLER BERTUZZI,8477479.0,NICHOLAS ROBERTSON,8481582.0,JOEL EDMUNDSON,8476441.0,TIMOTHY LILJEGREN,8480043.0,ILYA SAMSONOV,8478492.0,6,6,0,0,JEREMY SWAYMAN,8480280.0,ILYA SAMSONOV,8478492.0,-61.0,-5.0,Sheldon Keefe,Jim Montgomery,229.0,30123.0,2024-04-24,2.0,HIT,"BOS #43 HEINEN HIT TOR #20 EDMUNDSON, Off. Zone",10:54,654.0,5x5,Off,,BOS,Def,BOS,TOR,DANTON HEINEN,8478046.0,JOEL EDMUNDSON,8476441.0,,,TRENT FREDERIC,8479365.0,JAMES VAN RIEMSDYK,8474037.0,DANTON HEINEN,8478046.0,PARKER WOTHERSPOON,8478450.0,CHARLIE MCAVOY,8479325.0,JEREMY SWAYMAN,8480280.0,CALLE JARNKROK,8475714.0,PONTUS HOLMBERG,8480995.0,NICHOLAS ROBERTSON,8481582.0,JOEL EDMUNDSON,8476441.0,TIMOTHY LILJEGREN,8480043.0,ILYA SAMSONOV,8478492.0,6.0,6.0,0.0,0.0,JEREMY SWAYMAN,8480280.0,ILYA SAMSONOV,8478492.0,-97.0,13.0,Sheldon Keefe,Jim Montgomery,away,5x5,0,0.06749273,1.1098019,31.366666666666667
246,246,30123,2024-04-24,2,SHOT,"BOS ONGOAL - #21 VAN RIEMSDYK, Backhand , Off. Zone, 8 ft. ",13:34,2014.0,5x5,Off,BACKHAND,BOS,Def,BOS,TOR,JAMES VAN RIEMSDYK,8474037.0,,,,,TRENT FREDERIC,8479365.0,JAMES VAN RIEMSDYK,8474037.0,DANTON HEINEN,8478046.0,HAMPUS LINDHOLM,8476854.0,CHARLIE MCAVOY,8479325.0,JEREMY SWAYMAN,8480280.0,MAX DOMI,8477503.0,AUSTON MATTHEWS,8479318.0,TYLER BERTUZZI,8477479.0,MORGAN RIELLY,8476853.0,ILYA LYUBUSHKIN,8480950.0,ILYA SAMSONOV,8478492.0,6,6,0,1,JEREMY SWAYMAN,8480280.0,ILYA SAMSONOV,8478492.0,-81.0,-2.0,Sheldon Keefe,Jim Montgomery,245.0,30123.0,2024-04-24,2.0,SHOT,"TOR ONGOAL - #46 LYUBUSHKIN, Slap , Off. Zone, 60 ft. ",13:28,808.0,5x5,Off,SLAP SHOT,TOR,Off,BOS,TOR,ILYA LYUBUSHKIN,8480950.0,,,,,TRENT FREDERIC,8479365.0,JAMES VAN RIEMSDYK,8474037.0,DANTON HEINEN,8478046.0,MASON LOHREI,8482511.0,CHARLIE MCAVOY,8479325.0,JEREMY SWAYMAN,8480280.0,MAX DOMI,8477503.0,AUSTON MATTHEWS,8479318.0,TYLER BERTUZZI,8477479.0,MORGAN RIELLY,8476853.0,ILYA LYUBUSHKIN,8480950.0,ILYA SAMSONOV,8478492.0,6.0,6.0,0.0,1.0,JEREMY SWAYMAN,8480280.0,ILYA SAMSONOV,8478492.0,32.0,-19.0,Sheldon Keefe,Jim Montgomery,away,5x5,0,0.17315221,1.2829541,33.56666666666667
250,250,30123,2024-04-24,2,SHOT,"BOS ONGOAL - #63 MARCHAND, Wrist , Off. Zone, 9 ft. ",13:51,2031.0,5x5,Off,WRIST SHOT,BOS,Def,BOS,TOR,BRAD MARCHAND,8473419.0,,,,,TRENT FREDERIC,8479365.0,DANTON HEINEN,8478046.0,BRAD MARCHAND,8473419.0,BRANDON CARLO,8478443.0,HAMPUS LINDHOLM,8476854.0,JEREMY SWAYMAN,8480280.0,MAX DOMI,8477503.0,AUSTON MATTHEWS,8479318.0,TYLER BERTUZZI,8477479.0,MORGAN RIELLY,8476853.0,ILYA LYUBUSHKIN,8480950.0,ILYA SAMSONOV,8478492.0,6,6,0,1,JEREMY SWAYMAN,8480280.0,ILYA SAMSONOV,8478492.0,-83.0,7.0,Sheldon Keefe,Jim Montgomery,249.0,30123.0,2024-04-24,2.0,BLOCK,"BOS #11 FREDERIC BLOCKED BY TEAMMATE, Wrist, Off. Zone ",13:50,830.0,5x5,Off,WRIST SHOT,BOS,Off,BOS,TOR,TRENT FREDERIC,8479365.0,,,,,TRENT FREDERIC,8479365.0,DANTON HEINEN,8478046.0,BRAD MARCHAND,8473419.0,BRANDON CARLO,8478443.0,HAMPUS LINDHOLM,8476854.0,JEREMY SWAYMAN,8480280.0,MAX DOMI,8477503.0,AUSTON MATTHEWS,8479318.0,TYLER BERTUZZI,8477479.0,MORGAN RIELLY,8476853.0,ILYA LYUBUSHKIN,8480950.0,ILYA SAMSONOV,8478492.0,6.0,6.0,0.0,1.0,JEREMY SWAYMAN,8480280.0,ILYA SAMSONOV,8478492.0,-79.0,4.0,Sheldon Keefe,Jim Montgomery,away,5x5,0,0.12731749,1.4102716,33.85
255,255,30123,2024-04-24,2,MISS,"BOS #63 MARCHAND, Tip-In, Wide Left, Off. Zone, 22 ft. ",14:17,2057.0,5x5,Off,TIP-IN,BOS,Def,BOS,TOR,BRAD MARCHAND,8473419.0,,,,,CHARLIE COYLE,8475745.0,MORGAN GEEKIE,8479987.0,BRAD MARCHAND,8473419.0,BRANDON CARLO,8478443.0,HAMPUS LINDHOLM,8476854.0,JEREMY SWAYMAN,8480280.0,CALLE JARNKROK,8475714.0,CONNOR DEWAR,8480980.0,DAVID KAMPF,8480144.0,SIMON BENOIT,8481122.0,JAKE MCCABE,8476931.0,ILYA SAMSONOV,8478492.0,6,6,0,1,JEREMY SWAYMAN,8480280.0,ILYA SAMSONOV,8478492.0,-67.0,5.0,Sheldon Keefe,Jim Montgomery,254.0,30123.0,2024-04-24,2.0,HIT,"TOR #2 BENOIT HIT BOS #27 LINDHOLM, Def. Zone",14:16,856.0,5x5,Def,,TOR,Def,BOS,TOR,SIMON BENOIT,8481122.0,HAMPUS LINDHOLM,8476854.0,,,CHARLIE COYLE,8475745.0,MORGAN GEEKIE,8479987.0,BRAD MARCHAND,8473419.0,BRANDON CARLO,8478443.0,HAMPUS LINDHOLM,8476854.0,JEREMY SWAYMAN,8480280.0,CALLE JARNKROK,8475714.0,CONNOR DEWAR,8480980.0,DAVID KAMPF,8480144.0,SIMON BENOIT,8481122.0,JAKE MCCABE,8476931.0,ILYA SAMSONOV,8478492.0,6.0,6.0,0.0,1.0,JEREMY SWAYMAN,8480280.0,ILYA SAMSONOV,8478492.0,-94.0,-23.0,Sheldon Keefe,Jim Montgomery,away,5x5,0,0.09379712,1.5040687,34.28333333333333
268,268,30123,2024-04-24,2,SHOT,"BOS ONGOAL - #13 COYLE, Wrist , Off. Zone, 8 ft. ",17:09,2229.0,5x5,Off,WRIST SHOT,BOS,Def,BOS,TOR,CHARLIE COYLE,8475745.0,,,,,CHARLIE COYLE,8475745.0,MORGAN GEEKIE,8479987.0,BRAD MARCHAND,8473419.0,BRANDON CARLO,8478443.0,HAMPUS LINDHOLM,8476854.0,JEREMY SWAYMAN,8480280.0,MAX DOMI,8477503.0,AUSTON MATTHEWS,8479318.0,TYLER BERTUZZI,8477479.0,JOEL EDMUNDSON,8476441.0,TIMOTHY LILJEGREN,8480043.0,ILYA SAMSONOV,8478492.0,6,6,0,1,JEREMY SWAYMAN,8480280.0,ILYA SAMSONOV,8478492.0,-88.0,8.0,Sheldon Keefe,Jim Montgomery,267.0,30123.0,2024-04-24,2.0,BLOCK,"BOS #25 CARLO OPPONENT-BLOCKED BY TOR #20 EDMUNDSON, Snap, Def. Zone ",17:08,1028.0,5x5,Def,SNAP SHOT,BOS,Def,BOS,TOR,JOEL EDMUNDSON,8476441.0,BRANDON CARLO,8478443.0,,,CHARLIE COYLE,8475745.0,MORGAN GEEKIE,8479987.0,BRAD MARCHAND,8473419.0,BRANDON CARLO,8478443.0,HAMPUS LINDHOLM,8476854.0,JEREMY SWAYMAN,8480280.0,MAX DOMI,8477503.0,AUSTON MATTHEWS,8479318.0,TYLER BERTUZZI,8477479.0,JOEL EDMUNDSON,8476441.0,TIMOTHY LILJEGREN,8480043.0,ILYA SAMSONOV,8478492.0,6.0,6.0,0.0,1.0,JEREMY SWAYMAN,8480280.0,ILYA SAMSONOV,8478492.0,-61.0,5.0,Sheldon Keefe,Jim Montgomery,away,5x5,0,0.12874328,1.632812,37.15
270,270,30123,2024-04-24,2,GOAL,"BOS #11 FREDERIC(2), Wrist , Off. Zone, 40 ft.Assists: #39 GEEKIE(1); #27 LINDHOLM(2) ",17:37,2257.0,5x5,Off,WRIST SHOT,BOS,Def,BOS,TOR,TRENT FREDERIC,8479365.0,MORGAN GEEKIE,8479987.0,HAMPUS LINDHOLM,8476854.0,TRENT FREDERIC,8479365.0,MORGAN GEEKIE,8479987.0,BRAD MARCHAND,8473419.0,BRANDON CARLO,8478443.0,HAMPUS LINDHOLM,8476854.0,JEREMY SWAYMAN,8480280.0,MAX DOMI,8477503.0,DAVID KAMPF,8480144.0,TYLER BERTUZZI,8477479.0,JOEL EDMUNDSON,8476441.0,TIMOTHY LILJEGREN,8480043.0,ILYA SAMSONOV,8478492.0,6,6,0,1,JEREMY SWAYMAN,8480280.0,ILYA SAMSONOV,8478492.0,-62.0,-30.0,Sheldon Keefe,Jim Montgomery,269.0,30123.0,2024-04-24,2.0,HIT,"TOR #59 BERTUZZI HIT BOS #63 MARCHAND, Def. Zone",17:24,1044.0,5x5,Def,,TOR,Def,BOS,TOR,TYLER BERTUZZI,8477479.0,BRAD MARCHAND,8473419.0,,,CHARLIE COYLE,8475745.0,MORGAN GEEKIE,8479987.0,BRAD MARCHAND,8473419.0,BRANDON CARLO,8478443.0,HAMPUS LINDHOLM,8476854.0,JEREMY SWAYMAN,8480280.0,MAX DOMI,8477503.0,AUSTON MATTHEWS,8479318.0,TYLER BERTUZZI,8477479.0,JOEL EDMUNDSON,8476441.0,TIMOTHY LILJEGREN,8480043.0,ILYA SAMSONOV,8478492.0,6.0,6.0,0.0,1.0,JEREMY SWAYMAN,8480280.0,ILYA SAMSONOV,8478492.0,-79.0,28.0,Sheldon Keefe,Jim Montgomery,away,5x5,0,0.007931741,1.6407437,37.61666666666667
272,272,30123,2024-04-24,2,SHOT,"BOS ONGOAL - #73 MCAVOY, Wrist , Neu. Zone, 94 ft. ",17:40,2260.0,5x5,Neu,WRIST SHOT,BOS,Neu,BOS,TOR,CHARLIE MCAVOY,8479325.0,,,,,TRENT FREDERIC,8479365.0,JAMES VAN RIEMSDYK,8474037.0,DANTON HEINEN,8478046.0,PARKER WOTHERSPOON,8478450.0,CHARLIE MCAVOY,8479325.0,JEREMY SWAYMAN,8480280.0,CONNOR DEWAR,8480980.0,DAVID KAMPF,8480144.0,RYAN REAVES,8471817.0,MORGAN RIELLY,8476853.0,ILYA LYUBUSHKIN,8480950.0,ILYA SAMSONOV,8478492.0,6,6,1,1,JEREMY SWAYMAN,8480280.0,ILYA SAMSONOV,8478492.0,4.0,21.0,Sheldon Keefe,Jim Montgomery,271.0,30123.0,2024-04-24,2.0,FAC,BOS won Neu. Zone - BOS #43 HEINEN vs TOR #24 DEWAR,17:37,1057.0,5x5,Neu,,BOS,Neu,BOS,TOR,DANTON HEINEN,8478046.0,CONNOR DEWAR,8480980.0,,,TRENT FREDERIC,8479365.0,JAMES VAN RIEMSDYK,8474037.0,DANTON HEINEN,8478046.0,PARKER WOTHERSPOON,8478450.0,CHARLIE MCAVOY,8479325.0,JEREMY SWAYMAN,8480280.0,CONNOR DEWAR,8480980.0,DAVID KAMPF,8480144.0,RYAN REAVES,8471817.0,MORGAN RIELLY,8476853.0,ILYA LYUBUSHKIN,8480950.0,ILYA SAMSONOV,8478492.0,6.0,6.0,1.0,1.0,JEREMY SWAYMAN,8480280.0,ILYA SAMSONOV,8478492.0,0.0,0.0,Sheldon Keefe,Jim Montgomery,away,5x5,0,0.011884756,1.6526285,37.666666666666664
273,273,30123,2024-04-24,2,MISS,"BOS #21 VAN RIEMSDYK, Wrist, Wide Right, Off. Zone, 36 ft. ",17:44,2264.0,5x5,Off,WRIST SHOT,BOS,Def,BOS,TOR,JAMES VAN RIEMSDYK,8474037.0,,,,,TRENT FREDERIC,8479365.0,JAMES VAN RIEMSDYK,8474037.0,DANTON HEINEN,8478046.0,KEVIN SHATTENKIRK,8474031.0,PARKER WOTHERSPOON,8478450.0,JEREMY SWAYMAN,8480280.0,CONNOR DEWAR,8480980.0,DAVID KAMPF,8480144.0,RYAN REAVES,8471817.0,MORGAN RIELLY,8476853.0,ILYA LYUBUSHKIN,8480950.0,ILYA SAMSONOV,8478492.0,6,6,1,1,JEREMY SWAYMAN,8480280.0,ILYA SAMSONOV,8478492.0,-79.0,-35.0,Sheldon Keefe,Jim Montgomery,272.0,30123.0,2024-04-24,2.0,SHOT,"BOS ONGOAL - #73 MCAVOY, Wrist , Neu. Zone, 94 ft. ",17:40,1060.0,5x5,Neu,WRIST SHOT,BOS,Neu,BOS,TOR,CHARLIE MCAVOY,8479325.0,,,,,TRENT FREDERIC,8479365.0,JAMES VAN RIEMSDYK,8474037.0,DANTON HEINEN,8478046.0,PARKER WOTHERSPOON,8478450.0,CHARLIE MCAVOY,8479325.0,JEREMY SWAYMAN,8480280.0,CONNOR DEWAR,8480980.0,DAVID KAMPF,8480144.0,RYAN REAVES,8471817.0,MORGAN RIELLY,8476853.0,ILYA LYUBUSHKIN,8480950.0,ILYA SAMSONOV,8478492.0,6.0,6.0,1.0,1.0,JEREMY SWAYMAN,8480280.0,ILYA SAMSONOV,8478492.0,4.0,21.0,Sheldon Keefe,Jim Montgomery,away,5x5,0,0.043504354,1.6961329,37.733333333333334
275,275,30123,2024-04-24,2,SHOT,"BOS ONGOAL - #43 HEINEN, Wrist , Off. Zone, 18 ft. ",17:54,2274.0,5x5,Off,WRIST SHOT,BOS,Def,BOS,TOR,DANTON HEINEN,8478046.0,,,,,TRENT FREDERIC,8479365.0,JAMES VAN RIEMSDYK,8474037.0,DANTON HEINEN,8478046.0,KEVIN SHATTENKIRK,8474031.0,PARKER WOTHERSPOON,8478450.0,JEREMY SWAYMAN,8480280.0,CONNOR DEWAR,8480980.0,DAVID KAMPF,8480144.0,RYAN REAVES,8471817.0,MORGAN RIELLY,8476853.0,ILYA LYUBUSHKIN,8480950.0,ILYA SAMSONOV,8478492.0,6,6,1,1,JEREMY SWAYMAN,8480280.0,ILYA SAMSONOV,8478492.0,-79.0,-16.0,Sheldon Keefe,Jim Montgomery,274.0,30123.0,2024-04-24,2.0,BLOCK,"BOS #21 VAN RIEMSDYK BLOCKED BY TEAMMATE, Backhand, Off. Zone ",17:52,1072.0,5x5,Off,BACKHAND,BOS,Off,BOS,TOR,JAMES VAN RIEMSDYK,8474037.0,,,,,TRENT FREDERIC,8479365.0,JAMES VAN RIEMSDYK,8474037.0,DANTON HEINEN,8478046.0,KEVIN SHATTENKIRK,8474031.0,PARKER WOTHERSPOON,8478450.0,JEREMY SWAYMAN,8480280.0,CONNOR DEWAR,8480980.0,DAVID KAMPF,8480144.0,RYAN REAVES,8471817.0,MORGAN RIELLY,8476853.0,ILYA LYUBUSHKIN,8480950.0,ILYA SAMSONOV,8478492.0,6.0,6.0,1.0,1.0,JEREMY SWAYMAN,8480280.0,ILYA SAMSONOV,8478492.0,-83.0,-7.0,Sheldon Keefe,Jim Montgomery,away,5x5,0,0.082619265,1.7787522,37.9
276,276,30123,2024-04-24,2,SHOT,"BOS ONGOAL - #29 WOTHERSPOON, Wrist , Off. Zone, 48 ft. ",17:58,2278.0,5x5,Off,WRIST SHOT,BOS,Def,BOS,TOR,PARKER WOTHERSPOON,8478450.0,,,,,TRENT FREDERIC,8479365.0,JAMES VAN RIEMSDYK,8474037.0,DANTON HEINEN,8478046.0,KEVIN SHATTENKIRK,8474031.0,PARKER WOTHERSPOON,8478450.0,JEREMY SWAYMAN,8480280.0,CONNOR DEWAR,8480980.0,DAVID KAMPF,8480144.0,RYAN REAVES,8471817.0,MORGAN RIELLY,8476853.0,ILYA LYUBUSHKIN,8480950.0,ILYA SAMSONOV,8478492.0,6,6,1,1,JEREMY SWAYMAN,8480280.0,ILYA SAMSONOV,8478492.0,-54.0,-34.0,Sheldon Keefe,Jim Montgomery,275.0,30123.0,2024-04-24,2.0,SHOT,"BOS ONGOAL - #43 HEINEN, Wrist , Off. Zone, 18 ft. ",17:54,1074.0,5x5,Off,WRIST SHOT,BOS,Def,BOS,TOR,DANTON HEINEN,8478046.0,,,,,TRENT FREDERIC,8479365.0,JAMES VAN RIEMSDYK,8474037.0,DANTON HEINEN,8478046.0,KEVIN SHATTENKIRK,8474031.0,PARKER WOTHERSPOON,8478450.0,JEREMY SWAYMAN,8480280.0,CONNOR DEWAR,8480980.0,DAVID KAMPF,8480144.0,RYAN REAVES,8471817.0,MORGAN RIELLY,8476853.0,ILYA LYUBUSHKIN,8480950.0,ILYA SAMSONOV,8478492.0,6.0,6.0,1.0,1.0,JEREMY SWAYMAN,8480280.0,ILYA SAMSONOV,8478492.0,-79.0,-16.0,Sheldon Keefe,Jim Montgomery,away,5x5,0,0.01513866,1.7938908,37.96666666666667
300,300,30123,2024-04-24,3,SHOT,"BOS ONGOAL - #11 FREDERIC, Snap , Off. Zone, 42 ft. ",1:24,2484.0,5x5,Off,SNAP SHOT,BOS,Def,BOS,TOR,TRENT FREDERIC,8479365.0,,,,,TRENT FREDERIC,8479365.0,DANTON HEINEN,8478046.0,BRAD MARCHAND,8473419.0,BRANDON CARLO,8478443.0,HAMPUS LINDHOLM,8476854.0,JEREMY SWAYMAN,8480280.0,MAX DOMI,8477503.0,AUSTON MATTHEWS,8479318.0,TYLER BERTUZZI,8477479.0,SIMON BENOIT,8481122.0,JAKE MCCABE,8476931.0,ILYA SAMSONOV,8478492.0,6,6,2,1,JEREMY SWAYMAN,8480280.0,ILYA SAMSONOV,8478492.0,52.0,21.0,Sheldon Keefe,Jim Montgomery,299.0,30123.0,2024-04-24,3.0,SHOT,"TOR ONGOAL - #34 MATTHEWS, Slap , Off. Zone, 46 ft. ",1:16,76.0,5x5,Off,SLAP SHOT,TOR,Off,BOS,TOR,AUSTON MATTHEWS,8479318.0,,,,,TRENT FREDERIC,8479365.0,DANTON HEINEN,8478046.0,BRAD MARCHAND,8473419.0,BRANDON CARLO,8478443.0,HAMPUS LINDHOLM,8476854.0,JEREMY SWAYMAN,8480280.0,MAX DOMI,8477503.0,AUSTON MATTHEWS,8479318.0,TYLER BERTUZZI,8477479.0,SIMON BENOIT,8481122.0,JAKE MCCABE,8476931.0,ILYA SAMSONOV,8478492.0,6.0,6.0,2.0,1.0,JEREMY SWAYMAN,8480280.0,ILYA SAMSONOV,8478492.0,-51.0,-27.0,Sheldon Keefe,Jim Montgomery,away,5x5,0,0.0,1.7938908,41.4
303,303,30123,2024-04-24,3,SHOT,"BOS ONGOAL - #73 MCAVOY, Slap , Off. Zone, 64 ft. ",1:37,2497.0,5x5,Off,SLAP SHOT,BOS,Def,BOS,TOR,CHARLIE MCAVOY,8479325.0,,,,,CHARLIE COYLE,8475745.0,MORGAN GEEKIE,8479987.0,BRAD MARCHAND,8473419.0,MASON LOHREI,8482511.0,CHARLIE MCAVOY,8479325.0,JEREMY SWAYMAN,8480280.0,JOHN TAVARES,8475166.0,MITCH MARNER,8478483.0,MATTHEW KNIES,8482720.0,MORGAN RIELLY,8476853.0,ILYA LYUBUSHKIN,8480950.0,ILYA SAMSONOV,8478492.0,6,6,2,1,JEREMY SWAYMAN,8480280.0,ILYA SAMSONOV,8478492.0,30.0,-27.0,Sheldon Keefe,Jim Montgomery,302.0,30123.0,2024-04-24,3.0,FAC,BOS won Off. Zone - BOS #13 COYLE vs TOR #91 TAVARES,1:26,86.0,5x5,Off,,BOS,Def,BOS,TOR,CHARLIE COYLE,8475745.0,JOHN TAVARES,8475166.0,,,CHARLIE COYLE,8475745.0,MORGAN GEEKIE,8479987.0,BRAD MARCHAND,8473419.0,MASON LOHREI,8482511.0,CHARLIE MCAVOY,8479325.0,JEREMY SWAYMAN,8480280.0,JOHN TAVARES,8475166.0,MITCH MARNER,8478483.0,MATTHEW KNIES,8482720.0,MORGAN RIELLY,8476853.0,ILYA LYUBUSHKIN,8480950.0,ILYA SAMSONOV,8478492.0,6.0,6.0,2.0,1.0,JEREMY SWAYMAN,8480280.0,ILYA SAMSONOV,8478492.0,69.0,22.0,Sheldon Keefe,Jim Montgomery,away,5x5,0,0.0,1.7938908,41.61666666666667
335,335,30123,2024-04-24,3,SHOT,"BOS ONGOAL - #39 GEEKIE, Tip-In , Neu. Zone, 93 ft. ",7:09,2829.0,5x5,Neu,TIP-IN,BOS,Neu,BOS,TOR,MORGAN GEEKIE,8479987.0,,,,,TRENT FREDERIC,8479365.0,MORGAN GEEKIE,8479987.0,PAT MAROON,8474034.0,MASON LOHREI,8482511.0,KEVIN SHATTENKIRK,8474031.0,JEREMY SWAYMAN,8480280.0,CONNOR DEWAR,8480980.0,PONTUS HOLMBERG,8480995.0,RYAN REAVES,8471817.0,JOEL EDMUNDSON,8476441.0,TIMOTHY LILJEGREN,8480043.0,ILYA SAMSONOV,8478492.0,6,6,2,1,JEREMY SWAYMAN,8480280.0,ILYA SAMSONOV,8478492.0,-2.0,-24.0,Sheldon Keefe,Jim Montgomery,334.0,30123.0,2024-04-24,3.0,SHOT,"TOR ONGOAL - #89 ROBERTSON, Wrist , Off. Zone, 49 ft. ",7:07,427.0,5x5,Off,WRIST SHOT,TOR,Off,BOS,TOR,NICHOLAS ROBERTSON,8481582.0,,,,,TRENT FREDERIC,8479365.0,MORGAN GEEKIE,8479987.0,DAVID PASTRNAK,8477956.0,MASON LOHREI,8482511.0,KEVIN SHATTENKIRK,8474031.0,JEREMY SWAYMAN,8480280.0,CALLE JARNKROK,8475714.0,PONTUS HOLMBERG,8480995.0,NICHOLAS ROBERTSON,8481582.0,JOEL EDMUNDSON,8476441.0,TIMOTHY LILJEGREN,8480043.0,ILYA SAMSONOV,8478492.0,6.0,6.0,2.0,1.0,JEREMY SWAYMAN,8480280.0,ILYA SAMSONOV,8478492.0,-41.0,12.0,Sheldon Keefe,Jim Montgomery,away,5x5,0,1.2117858e-33,1.7938908,47.15
336,336,30123,2024-04-24,3,SHOT,"BOS ONGOAL - #25 CARLO, Slap , Off. Zone, 63 ft. ",7:28,2848.0,5x5,Off,SLAP SHOT,BOS,Def,BOS,TOR,BRANDON CARLO,8478443.0,,,,,JESPER BOQVIST,8480003.0,DANTON HEINEN,8478046.0,PAT MAROON,8474034.0,BRANDON CARLO,8478443.0,PARKER WOTHERSPOON,8478450.0,JEREMY SWAYMAN,8480280.0,CONNOR DEWAR,8480980.0,DAVID KAMPF,8480144.0,RYAN REAVES,8471817.0,MORGAN RIELLY,8476853.0,ILYA LYUBUSHKIN,8480950.0,ILYA SAMSONOV,8478492.0,6,6,2,1,JEREMY SWAYMAN,8480280.0,ILYA SAMSONOV,8478492.0,30.0,-23.0,Sheldon Keefe,Jim Montgomery,335.0,30123.0,2024-04-24,3.0,SHOT,"BOS ONGOAL - #39 GEEKIE, Tip-In , Neu. Zone, 93 ft. ",7:09,429.0,5x5,Neu,TIP-IN,BOS,Neu,BOS,TOR,MORGAN GEEKIE,8479987.0,,,,,TRENT FREDERIC,8479365.0,MORGAN GEEKIE,8479987.0,PAT MAROON,8474034.0,MASON LOHREI,8482511.0,KEVIN SHATTENKIRK,8474031.0,JEREMY SWAYMAN,8480280.0,CONNOR DEWAR,8480980.0,PONTUS HOLMBERG,8480995.0,RYAN REAVES,8471817.0,JOEL EDMUNDSON,8476441.0,TIMOTHY LILJEGREN,8480043.0,ILYA SAMSONOV,8478492.0,6.0,6.0,2.0,1.0,JEREMY SWAYMAN,8480280.0,ILYA SAMSONOV,8478492.0,-2.0,-24.0,Sheldon Keefe,Jim Montgomery,away,5x5,0,0.0,1.7938908,47.46666666666667
337,337,30123,2024-04-24,3,SHOT,"BOS ONGOAL - #43 HEINEN, Slap , Off. Zone, 40 ft. ",7:30,2850.0,5x5,Off,SLAP SHOT,BOS,Def,BOS,TOR,DANTON HEINEN,8478046.0,,,,,JESPER BOQVIST,8480003.0,DANTON HEINEN,8478046.0,PAT MAROON,8474034.0,BRANDON CARLO,8478443.0,PARKER WOTHERSPOON,8478450.0,JEREMY SWAYMAN,8480280.0,CONNOR DEWAR,8480980.0,DAVID KAMPF,8480144.0,RYAN REAVES,8471817.0,MORGAN RIELLY,8476853.0,ILYA LYUBUSHKIN,8480950.0,ILYA SAMSONOV,8478492.0,6,6,2,1,JEREMY SWAYMAN,8480280.0,ILYA SAMSONOV,8478492.0,66.0,34.0,Sheldon Keefe,Jim Montgomery,336.0,30123.0,2024-04-24,3.0,SHOT,"BOS ONGOAL - #25 CARLO, Slap , Off. Zone, 63 ft. ",7:28,448.0,5x5,Off,SLAP SHOT,BOS,Def,BOS,TOR,BRANDON CARLO,8478443.0,,,,,JESPER BOQVIST,8480003.0,DANTON HEINEN,8478046.0,PAT MAROON,8474034.0,BRANDON CARLO,8478443.0,PARKER WOTHERSPOON,8478450.0,JEREMY SWAYMAN,8480280.0,CONNOR DEWAR,8480980.0,DAVID KAMPF,8480144.0,RYAN REAVES,8471817.0,MORGAN RIELLY,8476853.0,ILYA LYUBUSHKIN,8480950.0,ILYA SAMSONOV,8478492.0,6.0,6.0,2.0,1.0,JEREMY SWAYMAN,8480280.0,ILYA SAMSONOV,8478492.0,30.0,-23.0,Sheldon Keefe,Jim Montgomery,away,5x5,0,0.16495268,1.9588435,47.5
351,351,30123,2024-04-24,3,MISS,"BOS #88 PASTRNAK, Wrist, Above Crossbar, Off. Zone, 24 ft. ",9:27,2967.0,5x5,Off,WRIST SHOT,BOS,Def,BOS,TOR,DAVID PASTRNAK,8477956.0,,,,,PAVEL ZACHA,8478401.0,DAVID PASTRNAK,8477956.0,JAMES VAN RIEMSDYK,8474037.0,HAMPUS LINDHOLM,8476854.0,PARKER WOTHERSPOON,8478450.0,JEREMY SWAYMAN,8480280.0,MAX DOMI,8477503.0,AUSTON MATTHEWS,8479318.0,TYLER BERTUZZI,8477479.0,MORGAN RIELLY,8476853.0,ILYA LYUBUSHKIN,8480950.0,ILYA SAMSONOV,8478492.0,6,6,2,1,JEREMY SWAYMAN,8480280.0,ILYA SAMSONOV,8478492.0,65.0,5.0,Sheldon Keefe,Jim Montgomery,350.0,30123.0,2024-04-24,3.0,HIT,"BOS #74 DEBRUSK HIT TOR #37 LILJEGREN, Off. Zone",9:10,550.0,5x5,Off,,BOS,Def,BOS,TOR,JAKE DEBRUSK,8478498.0,TIMOTHY LILJEGREN,8480043.0,,,PAVEL ZACHA,8478401.0,DAVID PASTRNAK,8477956.0,JAKE DEBRUSK,8478498.0,BRANDON CARLO,8478443.0,PARKER WOTHERSPOON,8478450.0,JEREMY SWAYMAN,8480280.0,MAX DOMI,8477503.0,AUSTON MATTHEWS,8479318.0,TYLER BERTUZZI,8477479.0,JOEL EDMUNDSON,8476441.0,TIMOTHY LILJEGREN,8480043.0,ILYA SAMSONOV,8478492.0,6.0,6.0,2.0,1.0,JEREMY SWAYMAN,8480280.0,ILYA SAMSONOV,8478492.0,95.0,-10.0,Sheldon Keefe,Jim Montgomery,away,5x5,0,0.0755453,2.0343888,49.45
361,361,30123,2024-04-24,3,MISS,"BOS #21 VAN RIEMSDYK, Snap, Hit Right Post, Off. Zone, 31 ft. ",10:09,3009.0,5x5,Off,SNAP SHOT,BOS,Def,BOS,TOR,JAMES VAN RIEMSDYK,8474037.0,,,,,CHARLIE COYLE,8475745.0,JAMES VAN RIEMSDYK,8474037.0,DANTON HEINEN,8478046.0,BRANDON CARLO,8478443.0,HAMPUS LINDHOLM,8476854.0,JEREMY SWAYMAN,8480280.0,MAX DOMI,8477503.0,AUSTON MATTHEWS,8479318.0,TYLER BERTUZZI,8477479.0,TIMOTHY LILJEGREN,8480043.0,MORGAN RIELLY,8476853.0,ILYA SAMSONOV,8478492.0,6,6,2,1,JEREMY SWAYMAN,8480280.0,ILYA SAMSONOV,8478492.0,64.0,19.0,Sheldon Keefe,Jim Montgomery,360.0,30123.0,2024-04-24,3.0,BLOCK,"TOR #37 LILJEGREN OPPONENT-BLOCKED BY BOS #21 VAN RIEMSDYK, Wrist, Def. Zone ",10:03,603.0,5x5,Def,WRIST SHOT,TOR,Off,BOS,TOR,JAMES VAN RIEMSDYK,8474037.0,TIMOTHY LILJEGREN,8480043.0,,,TRENT FREDERIC,8479365.0,JAMES VAN RIEMSDYK,8474037.0,DANTON HEINEN,8478046.0,HAMPUS LINDHOLM,8476854.0,PARKER WOTHERSPOON,8478450.0,JEREMY SWAYMAN,8480280.0,MAX DOMI,8477503.0,AUSTON MATTHEWS,8479318.0,TYLER BERTUZZI,8477479.0,TIMOTHY LILJEGREN,8480043.0,MORGAN RIELLY,8476853.0,ILYA SAMSONOV,8478492.0,6.0,6.0,2.0,1.0,JEREMY SWAYMAN,8480280.0,ILYA SAMSONOV,8478492.0,-51.0,34.0,Sheldon Keefe,Jim Montgomery,away,5x5,0,0.11263781,2.1470265,50.15
372,372,30123,2024-04-24,3,GOAL,"BOS #63 MARCHAND(1), Wrist , Off. Zone, 25 ft.Assist: #43 HEINEN(1) ",11:53,3113.0,5x5,Off,WRIST SHOT,BOS,Def,BOS,TOR,BRAD MARCHAND,8473419.0,DANTON HEINEN,8478046.0,,,TRENT FREDERIC,8479365.0,DANTON HEINEN,8478046.0,BRAD MARCHAND,8473419.0,BRANDON CARLO,8478443.0,CHARLIE MCAVOY,8479325.0,JEREMY SWAYMAN,8480280.0,MAX DOMI,8477503.0,AUSTON MATTHEWS,8479318.0,TYLER BERTUZZI,8477479.0,JOEL EDMUNDSON,8476441.0,TIMOTHY LILJEGREN,8480043.0,ILYA SAMSONOV,8478492.0,6,6,2,2,JEREMY SWAYMAN,8480280.0,ILYA SAMSONOV,8478492.0,70.0,-17.0,Sheldon Keefe,Jim Montgomery,371.0,30123.0,2024-04-24,3.0,SHOT,"TOR ONGOAL - #11 DOMI, Deflected , Off. Zone, 5 ft. ",11:32,692.0,5x5,Off,DEFLECTED,TOR,Off,BOS,TOR,MAX DOMI,8477503.0,,,,,TRENT FREDERIC,8479365.0,JAMES VAN RIEMSDYK,8474037.0,DANTON HEINEN,8478046.0,MASON LOHREI,8482511.0,CHARLIE MCAVOY,8479325.0,JEREMY SWAYMAN,8480280.0,MAX DOMI,8477503.0,AUSTON MATTHEWS,8479318.0,TYLER BERTUZZI,8477479.0,JOEL EDMUNDSON,8476441.0,TIMOTHY LILJEGREN,8480043.0,ILYA SAMSONOV,8478492.0,6.0,6.0,2.0,2.0,JEREMY SWAYMAN,8480280.0,ILYA SAMSONOV,8478492.0,-84.0,3.0,Sheldon Keefe,Jim Montgomery,away,5x5,0,0.061615497,2.208642,51.88333333333333
376,376,30123,2024-04-24,3,SHOT,"BOS ONGOAL - #61 MAROON, Snap , Off. Zone, 16 ft. ",12:16,3136.0,5x5,Off,SNAP SHOT,BOS,Def,BOS,TOR,PAT MAROON,8474034.0,,,,,JOHN BEECHER,8481556.0,JESPER BOQVIST,8480003.0,PAT MAROON,8474034.0,PARKER WOTHERSPOON,8478450.0,CHARLIE MCAVOY,8479325.0,JEREMY SWAYMAN,8480280.0,CALLE JARNKROK,8475714.0,PONTUS HOLMBERG,8480995.0,NICHOLAS ROBERTSON,8481582.0,MORGAN RIELLY,8476853.0,ILYA LYUBUSHKIN,8480950.0,ILYA SAMSONOV,8478492.0,6,6,3,2,JEREMY SWAYMAN,8480280.0,ILYA SAMSONOV,8478492.0,93.0,-16.0,Sheldon Keefe,Jim Montgomery,375.0,30123.0,2024-04-24,3.0,FAC,BOS won Off. Zone - BOS #19 BEECHER vs TOR #29 HOLMBERG,12:06,726.0,5x5,Off,,BOS,Def,BOS,TOR,JOHN BEECHER,8481556.0,PONTUS HOLMBERG,8480995.0,,,JOHN BEECHER,8481556.0,JESPER BOQVIST,8480003.0,PAT MAROON,8474034.0,PARKER WOTHERSPOON,8478450.0,CHARLIE MCAVOY,8479325.0,JEREMY SWAYMAN,8480280.0,CALLE JARNKROK,8475714.0,PONTUS HOLMBERG,8480995.0,NICHOLAS ROBERTSON,8481582.0,MORGAN RIELLY,8476853.0,ILYA LYUBUSHKIN,8480950.0,ILYA SAMSONOV,8478492.0,6.0,6.0,3.0,2.0,JEREMY SWAYMAN,8480280.0,ILYA SAMSONOV,8478492.0,69.0,22.0,Sheldon Keefe,Jim Montgomery,away,5x5,0,0.04699216,2.255634,52.266666666666666
381,381,30123,2024-04-24,3,SHOT,"BOS ONGOAL - #73 MCAVOY, Snap, Defensive Deflection, Off. Zone, 60 ft. ",13:30,3210.0,5x5,Off,SNAP SHOT,BOS,Def,BOS,TOR,CHARLIE MCAVOY,8479325.0,,,,,CHARLIE COYLE,8475745.0,MORGAN GEEKIE,8479987.0,BRAD MARCHAND,8473419.0,PARKER WOTHERSPOON,8478450.0,CHARLIE MCAVOY,8479325.0,JEREMY SWAYMAN,8480280.0,MAX DOMI,8477503.0,AUSTON MATTHEWS,8479318.0,TYLER BERTUZZI,8477479.0,JOEL EDMUNDSON,8476441.0,ILYA LYUBUSHKIN,8480950.0,ILYA SAMSONOV,8478492.0,6,6,3,2,JEREMY SWAYMAN,8480280.0,ILYA SAMSONOV,8478492.0,35.0,-28.0,Sheldon Keefe,Jim Montgomery,380.0,30123.0,2024-04-24,3.0,GIVE,"TOR GIVEAWAY - #46 LYUBUSHKIN, Def. Zone",13:23,803.0,5x5,Def,,TOR,Def,BOS,TOR,ILYA LYUBUSHKIN,8480950.0,,,,,CHARLIE COYLE,8475745.0,MORGAN GEEKIE,8479987.0,BRAD MARCHAND,8473419.0,PARKER WOTHERSPOON,8478450.0,CHARLIE MCAVOY,8479325.0,JEREMY SWAYMAN,8480280.0,MAX DOMI,8477503.0,AUSTON MATTHEWS,8479318.0,TYLER BERTUZZI,8477479.0,JOEL EDMUNDSON,8476441.0,ILYA LYUBUSHKIN,8480950.0,ILYA SAMSONOV,8478492.0,6.0,6.0,3.0,2.0,JEREMY SWAYMAN,8480280.0,ILYA SAMSONOV,8478492.0,49.0,39.0,Sheldon Keefe,Jim Montgomery,away,5x5,0,0.00924647,2.2648807,53.5
390,390,30123,2024-04-24,3,SHOT,"BOS ONGOAL - #19 BEECHER, Tip-In , Off. Zone, 7 ft. ",14:51,3291.0,5x5,Off,TIP-IN,BOS,Def,BOS,TOR,JOHN BEECHER,8481556.0,,,,,JOHN BEECHER,8481556.0,JESPER BOQVIST,8480003.0,PAT MAROON,8474034.0,PARKER WOTHERSPOON,8478450.0,CHARLIE MCAVOY,8479325.0,JEREMY SWAYMAN,8480280.0,CONNOR DEWAR,8480980.0,DAVID KAMPF,8480144.0,MITCH MARNER,8478483.0,SIMON BENOIT,8481122.0,JOEL EDMUNDSON,8476441.0,ILYA SAMSONOV,8478492.0,6,6,3,2,JEREMY SWAYMAN,8480280.0,ILYA SAMSONOV,8478492.0,82.0,-2.0,Sheldon Keefe,Jim Montgomery,389.0,30123.0,2024-04-24,3.0,HIT,"BOS #70 BOQVIST HIT TOR #20 EDMUNDSON, Off. Zone",14:48,888.0,5x5,Off,,BOS,Def,BOS,TOR,JESPER BOQVIST,8480003.0,JOEL EDMUNDSON,8476441.0,,,JOHN BEECHER,8481556.0,JESPER BOQVIST,8480003.0,PAT MAROON,8474034.0,PARKER WOTHERSPOON,8478450.0,CHARLIE MCAVOY,8479325.0,JEREMY SWAYMAN,8480280.0,CONNOR DEWAR,8480980.0,DAVID KAMPF,8480144.0,MITCH MARNER,8478483.0,SIMON BENOIT,8481122.0,JOEL EDMUNDSON,8476441.0,ILYA SAMSONOV,8478492.0,6.0,6.0,3.0,2.0,JEREMY SWAYMAN,8480280.0,ILYA SAMSONOV,8478492.0,80.0,38.0,Sheldon Keefe,Jim Montgomery,away,5x5,0,0.06604191,2.3309226,54.85
420,420,30123,2024-04-24,3,MISS,"BOS #13 COYLE, Wrist, Hit Right Post, Def. Zone, 180 ft. ",18:52,3532.0,5x5,Def,WRIST SHOT,BOS,Off,BOS,TOR,CHARLIE COYLE,8475745.0,,,,,CHARLIE COYLE,8475745.0,PAVEL ZACHA,8478401.0,BRAD MARCHAND,8473419.0,HAMPUS LINDHOLM,8476854.0,CHARLIE MCAVOY,8479325.0,JEREMY SWAYMAN,8480280.0,MAX DOMI,8477503.0,AUSTON MATTHEWS,8479318.0,JOHN TAVARES,8475166.0,MITCH MARNER,8478483.0,TYLER BERTUZZI,8477479.0,MORGAN RIELLY,8476853.0,6,6,3,2,JEREMY SWAYMAN,8480280.0,,,-89.0,-31.0,Sheldon Keefe,Jim Montgomery,419.0,30123.0,2024-04-24,3.0,DELPEN,TOR,18:51,1131.0,5x5,,,,,BOS,TOR,,,,,,,CHARLIE COYLE,8475745.0,PAVEL ZACHA,8478401.0,BRAD MARCHAND,8473419.0,HAMPUS LINDHOLM,8476854.0,CHARLIE MCAVOY,8479325.0,JEREMY SWAYMAN,8480280.0,MAX DOMI,8477503.0,AUSTON MATTHEWS,8479318.0,JOHN TAVARES,8475166.0,MITCH MARNER,8478483.0,TYLER BERTUZZI,8477479.0,MORGAN RIELLY,8476853.0,6.0,6.0,3.0,2.0,JEREMY SWAYMAN,8480280.0,,,,,Sheldon Keefe,Jim Montgomery,away,5x5,0,0.06268915,2.3936117,58.86666666666667
